-- MySQL dump 10.13  Distrib 5.7.20, for Linux (x86_64)
--
-- Host: localhost    Database: ecommerce
-- ------------------------------------------------------
-- Server version	5.7.20-0ubuntu0.16.04.1

/*!40101 SET @OLD_CHARACTER_SET_CLIENT=@@CHARACTER_SET_CLIENT */;
/*!40101 SET @OLD_CHARACTER_SET_RESULTS=@@CHARACTER_SET_RESULTS */;
/*!40101 SET @OLD_COLLATION_CONNECTION=@@COLLATION_CONNECTION */;
/*!40101 SET NAMES utf8 */;
/*!40103 SET @OLD_TIME_ZONE=@@TIME_ZONE */;
/*!40103 SET TIME_ZONE='+00:00' */;
/*!40014 SET @OLD_UNIQUE_CHECKS=@@UNIQUE_CHECKS, UNIQUE_CHECKS=0 */;
/*!40014 SET @OLD_FOREIGN_KEY_CHECKS=@@FOREIGN_KEY_CHECKS, FOREIGN_KEY_CHECKS=0 */;
/*!40101 SET @OLD_SQL_MODE=@@SQL_MODE, SQL_MODE='NO_AUTO_VALUE_ON_ZERO' */;
/*!40111 SET @OLD_SQL_NOTES=@@SQL_NOTES, SQL_NOTES=0 */;

--
-- Table structure for table `admin`
--

DROP TABLE IF EXISTS `admin`;
/*!40101 SET @saved_cs_client     = @@character_set_client */;
/*!40101 SET character_set_client = utf8 */;
CREATE TABLE `admin` (
  `idadmin` int(11) NOT NULL AUTO_INCREMENT,
  `username` varchar(45) COLLATE utf8_unicode_ci DEFAULT NULL,
  `password` varchar(255) COLLATE utf8_unicode_ci DEFAULT NULL,
  `phone` varchar(45) COLLATE utf8_unicode_ci DEFAULT NULL,
  PRIMARY KEY (`idadmin`)
) ENGINE=InnoDB DEFAULT CHARSET=utf8 COLLATE=utf8_unicode_ci;
/*!40101 SET character_set_client = @saved_cs_client */;

--
-- Dumping data for table `admin`
--

LOCK TABLES `admin` WRITE;
/*!40000 ALTER TABLE `admin` DISABLE KEYS */;
/*!40000 ALTER TABLE `admin` ENABLE KEYS */;
UNLOCK TABLES;

--
-- Table structure for table `brand`
--

DROP TABLE IF EXISTS `brand`;
/*!40101 SET @saved_cs_client     = @@character_set_client */;
/*!40101 SET character_set_client = utf8 */;
CREATE TABLE `brand` (
  `idbrand` int(11) NOT NULL AUTO_INCREMENT,
  `name` varchar(45) COLLATE utf8_unicode_ci DEFAULT NULL,
  PRIMARY KEY (`idbrand`)
) ENGINE=InnoDB AUTO_INCREMENT=14 DEFAULT CHARSET=utf8 COLLATE=utf8_unicode_ci;
/*!40101 SET character_set_client = @saved_cs_client */;

--
-- Dumping data for table `brand`
--

LOCK TABLES `brand` WRITE;
/*!40000 ALTER TABLE `brand` DISABLE KEYS */;
INSERT INTO `brand` VALUES (1,'iPhone (Apple)'),(2,'Samsung'),(3,'OPPO'),(4,'Sony'),(5,'Asus (Zenfone)'),(6,'Mobiistar'),(7,'HTC'),(8,'Xiaomi'),(9,'Lenovo'),(10,'Dell'),(11,'Asus'),(12,'Macbook (Apple)'),(13,'LG');
/*!40000 ALTER TABLE `brand` ENABLE KEYS */;
UNLOCK TABLES;

--
-- Table structure for table `category`
--

DROP TABLE IF EXISTS `category`;
/*!40101 SET @saved_cs_client     = @@character_set_client */;
/*!40101 SET character_set_client = utf8 */;
CREATE TABLE `category` (
  `idCategory` int(11) NOT NULL AUTO_INCREMENT,
  `name` varchar(45) COLLATE utf8_unicode_ci DEFAULT NULL,
  PRIMARY KEY (`idCategory`)
) ENGINE=InnoDB AUTO_INCREMENT=6 DEFAULT CHARSET=utf8 COLLATE=utf8_unicode_ci;
/*!40101 SET character_set_client = @saved_cs_client */;

--
-- Dumping data for table `category`
--

LOCK TABLES `category` WRITE;
/*!40000 ALTER TABLE `category` DISABLE KEYS */;
INSERT INTO `category` VALUES (1,'Điện thoại, viễn thông'),(2,'Máy tính, linh kiện'),(3,'Máy ảnh, máy quay'),(4,'Thời trang, phụ kiện'),(5,'Tivi, Loa, Âm thanh');
/*!40000 ALTER TABLE `category` ENABLE KEYS */;
UNLOCK TABLES;

--
-- Table structure for table `guestProduct`
--

DROP TABLE IF EXISTS `guestProduct`;
/*!40101 SET @saved_cs_client     = @@character_set_client */;
/*!40101 SET character_set_client = utf8 */;
CREATE TABLE `guestProduct` (
  `idguestProduct` int(11) NOT NULL,
  PRIMARY KEY (`idguestProduct`)
) ENGINE=InnoDB DEFAULT CHARSET=utf8 COLLATE=utf8_unicode_ci;
/*!40101 SET character_set_client = @saved_cs_client */;

--
-- Dumping data for table `guestProduct`
--

LOCK TABLES `guestProduct` WRITE;
/*!40000 ALTER TABLE `guestProduct` DISABLE KEYS */;
/*!40000 ALTER TABLE `guestProduct` ENABLE KEYS */;
UNLOCK TABLES;

--
-- Table structure for table `history_view`
--

DROP TABLE IF EXISTS `history_view`;
/*!40101 SET @saved_cs_client     = @@character_set_client */;
/*!40101 SET character_set_client = utf8 */;
CREATE TABLE `history_view` (
  `user_idUser` int(11) NOT NULL,
  `product_idProduct` int(11) NOT NULL,
  `count` int(11) DEFAULT NULL,
  PRIMARY KEY (`user_idUser`,`product_idProduct`),
  KEY `fk_user_has_product_product1_idx` (`product_idProduct`),
  KEY `fk_user_has_product_user1_idx` (`user_idUser`),
  CONSTRAINT `fk_user_has_product_product1` FOREIGN KEY (`product_idProduct`) REFERENCES `product` (`idProduct`) ON DELETE NO ACTION ON UPDATE NO ACTION,
  CONSTRAINT `fk_user_has_product_user1` FOREIGN KEY (`user_idUser`) REFERENCES `user` (`idUser`) ON DELETE NO ACTION ON UPDATE NO ACTION
) ENGINE=InnoDB DEFAULT CHARSET=utf8 COLLATE=utf8_unicode_ci;
/*!40101 SET character_set_client = @saved_cs_client */;

--
-- Dumping data for table `history_view`
--

LOCK TABLES `history_view` WRITE;
/*!40000 ALTER TABLE `history_view` DISABLE KEYS */;
/*!40000 ALTER TABLE `history_view` ENABLE KEYS */;
UNLOCK TABLES;

--
-- Table structure for table `imageProduct`
--

DROP TABLE IF EXISTS `imageProduct`;
/*!40101 SET @saved_cs_client     = @@character_set_client */;
/*!40101 SET character_set_client = utf8 */;
CREATE TABLE `imageProduct` (
  `idimageProduct` int(11) NOT NULL AUTO_INCREMENT,
  `link_Image` varchar(255) COLLATE utf8_unicode_ci DEFAULT NULL,
  `product_idProduct` int(11) NOT NULL,
  PRIMARY KEY (`idimageProduct`),
  KEY `fk_imageProduct_product1_idx` (`product_idProduct`),
  CONSTRAINT `fk_imageProduct_product1` FOREIGN KEY (`product_idProduct`) REFERENCES `product` (`idProduct`) ON DELETE NO ACTION ON UPDATE NO ACTION
) ENGINE=InnoDB AUTO_INCREMENT=151 DEFAULT CHARSET=utf8 COLLATE=utf8_unicode_ci;
/*!40101 SET character_set_client = @saved_cs_client */;

--
-- Dumping data for table `imageProduct`
--

LOCK TABLES `imageProduct` WRITE;
/*!40000 ALTER TABLE `imageProduct` DISABLE KEYS */;
INSERT INTO `imageProduct` VALUES (1,'https://cdn1.tgdd.vn/Products/Images/42/106211/samsung-galaxy-note8-1-200x200.jpg',2),(2,'https://cdn1.tgdd.vn/Products/Images/42/91131/samsung-galaxy-s8-plus-20-200x200.jpg',3),(3,'https://cdn4.tgdd.vn/Products/Images/42/78479/samsung-galaxy-s8-4-200x200.jpg',4),(4,'https://cdn2.tgdd.vn/Products/Images/42/88397/samsung-galaxy-c9-pro2-200x200.jpg',5),(5,'https://cdn2.tgdd.vn/Products/Images/42/88537/samsung-galaxy-a7-2017-11-200x200.jpg',6),(6,'https://cdn.tgdd.vn/Products/Images/42/112970/samsung-galaxy-j7-plus-1-200x200.jpg',7),(7,'https://cdn3.tgdd.vn/Products/Images/42/88268/samsung-galaxy-a5-2017-200x200.jpg',8),(8,'https://cdn3.tgdd.vn/Products/Images/42/106133/samsung-galaxy-a5-2017-blue-pastel-200x200.jpg',9),(9,'https://cdn4.tgdd.vn/Products/Images/42/103404/samsung-galaxy-j7-pro-8-200x200.jpg',10),(10,'https://cdn3.tgdd.vn/Products/Images/42/84798/samsung-galaxy-j7-prime-9-200x200.jpg',11),(11,'https://cdn4.tgdd.vn/Products/Images/42/114114/iphone-8-plus-256gb2-200x200.jpg',12),(12,'https://cdn2.tgdd.vn/Products/Images/42/114112/iphone-8-256gb2-200x200.jpg',13),(13,'https://cdn.tgdd.vn/Products/Images/42/87840/iphone-7-plus-256gb-200x200.jpg',14),(14,'https://cdn.tgdd.vn/Products/Images/42/114110/iphone-8-plus2-1-200x200.jpg',15),(15,'https://cdn4.tgdd.vn/Products/Images/42/87839/iphone-7-plus-128gb-200x200.jpg',16),(16,'https://cdn3.tgdd.vn/Products/Images/42/114113/iphone-8-64gb-1-200x200.jpg',17),(17,'https://cdn3.tgdd.vn/Products/Images/42/87838/iphone-7-256gb-12-200x200.jpg',18),(18,'https://cdn4.tgdd.vn/Products/Images/42/78124/iphone-7-plus-13-200x200.jpg',19),(19,'https://cdn2.tgdd.vn/Products/Images/42/87837/iphone-7-128gb-3-200x200.jpg',20),(20,'https://cdn3.tgdd.vn/Products/Images/42/73703/iphone-6s-128gb-vanghong1-h1-200x200.jpg',21),(21,'https://cdn4.tgdd.vn/Products/Images/42/92569/oppo-f3-plus-vang-dong-1-200x200.png',22),(22,'https://cdn1.tgdd.vn/Products/Images/42/92541/oppo-f3-15-200x200.jpg',23),(23,'https://cdn2.tgdd.vn/Products/Images/42/89422/oppo-a57-14-200x200.jpg',24),(24,'https://cdn4.tgdd.vn/Products/Images/42/113259/oppo-a71-1-200x200.jpg',25),(25,'https://cdn1.tgdd.vn/Products/Images/42/103846/oppo-a37-a37fw-pp-200x200.jpg',26),(26,'https://cdn4.tgdd.vn/Products/Images/42/92069/sony-xperia-xz-premium-12-200x200.jpg',27),(27,'https://cdn1.tgdd.vn/Products/Images/42/113126/sony-xperia-xz-premium-pink-gold-200x200.jpg',28),(28,'https://cdn.tgdd.vn/Products/Images/42/108680/sony-xperia-xz1-1-1-200x200.jpg',29),(29,'https://cdn2.tgdd.vn/Products/Images/42/92082/sony-xperia-xzs-16-200x200.jpg',30),(30,'https://cdn.tgdd.vn/Products/Images/42/85235/sony-xperia-xz-10-200x200.jpg',31),(31,'https://cdn4.tgdd.vn/Products/Images/42/92074/sony-xa1-ultra-2-200x200.jpg',32),(32,'https://cdn4.tgdd.vn/Products/Images/42/75244/sony-xperia-x-200x200.jpg',33),(33,'https://cdn3.tgdd.vn/Products/Images/42/112833/sony-xepria-xa1-plus-2-200x200.jpg',34),(34,'https://cdn1.tgdd.vn/Products/Images/42/77601/sony-xperia-xa-ultra-300-200x200.jpg',35),(35,'https://cdn1.tgdd.vn/Products/Images/42/92081/sony-xperia-xa1-3001copy-200x200.jpg',36),(36,'https://cdn2.tgdd.vn/Products/Images/42/112432/asus-zenfone-4-max-pro-zc554kl-6-200x200.jpg',37),(37,'https://cdn2.tgdd.vn/Products/Images/42/100492/asus-zenfone-live-zb501kl-300-1-200x200.jpg',38),(38,'https://cdn.tgdd.vn/Products/Images/42/89785/asus-zenfone-go-tv-zb551kl-200x200.jpg',39),(39,'https://cdn4.tgdd.vn/Products/Images/42/72969/asus-zenfone-go-zc500tg-200x200.jpg',40),(40,'https://cdn1.tgdd.vn/Products/Images/42/93146/asus-zenfone-2-go-zb500kg-300-200x200.jpg',41),(41,'https://cdn.tgdd.vn/Products/Images/42/113175/mobiistar-zumbo-s2-dual-200x200.jpg',42),(42,'https://cdn1.tgdd.vn/Products/Images/42/103401/mobiistar-lai-zumbo-s2-300-200x200.jpg',43),(43,'https://cdn1.tgdd.vn/Products/Images/42/88851/mobiistar-prime-x1-1-200x200.jpg',44),(44,'https://cdn4.tgdd.vn/Products/Images/42/103399/mobiistar-zumbo-j2-300-a-200x200.jpg',45),(45,'https://cdn.tgdd.vn/Products/Images/42/112775/mobiistar-zumbo-s-2017-300-200x200.jpg',46),(46,'https://cdn.tgdd.vn/Products/Images/42/91800/mobiistar-lai-zumbo-j-2017-300-200x200.jpg',47),(47,'https://cdn1.tgdd.vn/Products/Images/42/112776/mobiistar-zumbo-s-lite-2017-300-200x200.jpg',48),(48,'https://cdn3.tgdd.vn/Products/Images/42/91748/mobiistar-lai-yuna-1-300-200x200.jpg',49),(49,'https://cdn2.tgdd.vn/Products/Images/42/103632/mobiistar-lai-zoro-lte-200x200.jpg',50),(50,'https://cdn.tgdd.vn/Products/Images/42/108700/mobiistar-lai-z2-300-200x200.jpg',51),(51,'https://cdn1.tgdd.vn/Products/Images/42/103241/htc-u11-200x200.jpg',52),(52,'https://cdn1.tgdd.vn/Products/Images/42/98826/htc-u-ultra-sapphire-300-200x200.jpg',53),(53,'https://cdn2.tgdd.vn/Products/Images/42/90772/htc-u-ultra-1-200x200.jpg',54),(54,'https://cdn.tgdd.vn/Products/Images/42/91060/htc-u-play-200x200.jpg',55),(55,'https://cdn2.tgdd.vn/Products/Images/42/88632/htc-10-evo-300-200x200.jpg',56),(56,'https://cdn1.tgdd.vn/Products/Images/42/84801/htc-desire-10-pro-300-200x200.jpg',57),(57,'https://cdn3.tgdd.vn/Products/Images/42/72173/htc-one-me9-1-200x200.jpg',58),(58,'https://cdn4.tgdd.vn/Products/Images/42/85019/htc-one-a9s-1-200x200.jpg',59),(59,'https://cdn1.tgdd.vn/Products/Images/42/72751/htc-one-e9-dual-1-12-200x200.jpg',60),(60,'https://cdn2.tgdd.vn/Products/Images/42/113572/xiaomi-mi-a12-200x200.jpg',61),(61,'https://cdn.tgdd.vn/Products/Images/42/84905/xiaomi-redmi-note-4-13-200x200.jpg',62),(62,'https://cdn.tgdd.vn/Products/Images/42/99145/xiaomi-redmi-4x-300-200x200.jpg',63),(63,'https://cdn2.tgdd.vn/Products/Images/42/112972/xiaomi-redmi-note-5a-200x200.jpg',64),(64,'https://cdn1.tgdd.vn/Products/Images/42/88861/xiaomi-redmi-4a-1-200x200.jpg',65),(65,'https://cdn2.tgdd.vn/Products/Images/522/92067/samsung-galaxy-book-106-inch-300-200x200.jpg',66),(66,'https://cdn3.tgdd.vn/Products/Images/522/113278/samsung-galaxy-tab-a-80-2017-anhava-200x200.jpg',67),(67,'https://cdn.tgdd.vn/Products/Images/522/73280/samsung-galaxy-tab-e-96-sm-t561-200x200.jpg',68),(68,'https://cdn3.tgdd.vn/Products/Images/522/75693/samsung-galaxy-tab-a-70-11-200x200.jpg',69),(69,'https://cdn1.tgdd.vn/Products/Images/522/106036/ipad-pro-105-inch-wifi-64gb-2017-300-200x200.jpg',70),(70,'https://cdn1.tgdd.vn/Products/Images/522/103406/ipad-wifi-cellular-128gb-2017-300-200x200.jpg',71),(71,'https://cdn1.tgdd.vn/Products/Images/522/101836/ipad-wifi-cellular-32gb-2017-300-200x200.jpg',72),(72,'https://cdn.tgdd.vn/Products/Images/522/75490/ipad-pro-97-inch-21-200x200.jpg',73),(73,'https://cdn3.tgdd.vn/Products/Images/522/101993/ipad-mini-4-wifi-128gb-200x200.jpg',74),(74,'https://cdn.tgdd.vn/Products/Images/522/102825/ipad-wifi-128gb-2017-300-200x200.jpg',75),(75,'https://cdn2.tgdd.vn/Products/Images/522/102787/ipad-wifi-32gb-2017-300-1-200x200.jpg',76),(76,'https://cdn1.tgdd.vn/Products/Images/522/89296/asus-zenfone-go-zb690kg-8-200x200.jpg',77),(77,'https://cdn2.tgdd.vn/Products/Images/522/78122/lenovo-phab2-300-200x200.jpg',78),(78,'https://cdn1.tgdd.vn/Products/Images/522/84306/lenovo-tab-3-8-den-300-200x200.jpg',79),(79,'https://cdn1.tgdd.vn/Products/Images/522/97571/lenovo-tab-3-essential-16gb-200x200.jpg',80),(80,'https://cdn1.tgdd.vn/Products/Images/44/90686/dell-inspiron-3467-i3-7100u-m20nr21-den-1-450x300-230x153.png',81),(81,'https://cdn.tgdd.vn/Products/Images/44/91260/dell-inspiron-3567-i3-6006u-4gb-1tb-win10-den-450x300-230x153.png',82),(82,'https://cdn3.tgdd.vn/Products/Images/44/90478/dell-vostro-3468-i3-7100u-4gb-1tb-win10-den-450x300-230x153.png',83),(83,'https://cdn3.tgdd.vn/Products/Images/44/91778/dell-inspiron-3567-i3-6006u-c5i3120w-den-2-450x300-450x300-230x153.jpg',84),(84,'https://cdn1.tgdd.vn/Products/Images/44/93701/dell-vostro-3568-i3-7100u-den-avarta-10-230x153.jpg',85),(85,'https://cdn2.tgdd.vn/Products/Images/44/90477/dell-vostro-3468-i5-7200u-den-450x300-230x153.png',86),(86,'https://cdn.tgdd.vn/Products/Images/44/103630/dell-vostro-3568-i5-7200u-400-450x300-230x153.png',87),(87,'https://cdn4.tgdd.vn/Products/Images/44/88619/dell-vostro-3568-p63f002-den-1-450x300-230x153.png',88),(88,'https://cdn.tgdd.vn/Products/Images/44/103730/dell-inspiron-5468-i5-7200u-bac-14-450x300-230x153.jpg',89),(89,'https://cdn2.tgdd.vn/Products/Images/44/93702/dell-inspiron-5567-i5-7200u-den-10-450x300-230x153.png',90),(90,'https://cdn.tgdd.vn/Products/Images/44/103845/asus-e402na-n3350-450x300-230x153.png',91),(91,'https://cdn4.tgdd.vn/Products/Images/44/135174/asus-x441na-n3350-ga017t-dai-dien-new-230x153.jpg',92),(92,'https://cdn4.tgdd.vn/Products/Images/44/101829/asus-x441na-n4200-230x153.jpg',93),(93,'https://cdn.tgdd.vn/Products/Images/44/101215/asus-a441ua-i3-6006u-den-3-450x300-230x153.png',94),(94,'https://cdn1.tgdd.vn/Products/Images/44/134806/asus-x541ua-i3-6100u-xx272t-dai-dien-10-230x153.jpg',95),(95,'https://cdn1.tgdd.vn/Products/Images/44/113871/asus-tp203nah-n4200-bp052t-450x300-230x153.jpg',96),(96,'https://cdn2.tgdd.vn/Products/Images/44/103902/asus-a541ua-i3-7100u-bac-450x300-230x153.jpg',97),(97,'https://cdn2.tgdd.vn/Products/Images/44/86602/asus-a441uv-wx039t-230x153.jpg',98),(98,'https://cdn.tgdd.vn/Products/Images/44/135795/asus-x405ua-i3-7100u-bv330t-new-1-230x153.jpg',99),(99,'https://cdn3.tgdd.vn/Products/Images/44/106243/asus-a540up-i3-7100u-450x300-230x153.jpg',100),(100,'https://cdn.tgdd.vn/Products/Images/44/106875/apple-macbook-air-mqd32sa-a-i5-5350u-400-1-450x300-230x153.jpg',101),(101,'https://cdn2.tgdd.vn/Products/Images/44/76987/apple-macbook-air-2015-mmgf2zp-a-i5-5250u-8gb-128g-bac-1-450x300-230x153.jpg',102),(102,'https://cdn.tgdd.vn/Products/Images/44/106880/apple-macbook-air-mqd42sa-a-i5-5350u-8gb-256gb-bac-450x300-230x153.jpg',103),(103,'https://cdn3.tgdd.vn/Products/Images/44/80468/apple-macbook-air-2015-mmgg2zp-a-i5-5250u-8gb-256g-bac-450x300-230x153.jpg',104),(104,'https://cdn1.tgdd.vn/Products/Images/44/111226/apple-macbook-pro-mpxr2sa-a-450x300-450x300-h2-230x153.jpg',105),(105,'https://cdn1.tgdd.vn/Products/Images/44/80731/apple-macbook-12-mmgm2-core-m-12g-8gb-512gb-macos-11-230x153.jpg',106),(106,'https://cdn2.tgdd.vn/Products/Images/44/82537/apple-macbook-12-mlhf2-core-m-12g-8gb-512gb-macos-7-230x153.jpg',107),(107,'https://cdn4.tgdd.vn/Products/Images/44/87354/apple-macbook-12-mlh82-xam-2-450x300-230x153.jpg',108),(108,'https://cdn1.tgdd.vn/Products/Images/44/106991/apple-macbook-pro-mpxt2sa-a-i5-7360u-xam-dai-dien-4y-450x300-230x153.jpg',109),(109,'https://cdn3.tgdd.vn/Products/Images/44/113133/lenovo-ideapad-120s-11iap-450x300-1-230x153.jpg',110),(110,'https://cdn3.tgdd.vn/Products/Images/44/85983/lenovo-ideapad-110-15ibr-80t700bkvn-den-h-450x300-230x153.jpg',111),(111,'https://cdn1.tgdd.vn/Products/Images/Labels/label-tang-qua-online.png',112),(112,'https://cdn2.tgdd.vn/Products/Images/1942/75272/tivi-sony-kdl-48w650d-230x140.jpg',113),(113,'https://cdn1.tgdd.vn/Products/Images/Labels/label-tang-qua-online.png',114),(114,'https://cdn1.tgdd.vn/Products/Images/Labels/label-tang-qua-online.png',115),(115,'https://cdn1.tgdd.vn/Products/Images/Labels/label-tang-qua-online.png',116),(116,'https://cdn1.tgdd.vn/Products/Images/1942/101711/tivi-sony-kd-49x8000e-thumb-230x140.png',117),(117,'https://cdn.tgdd.vn/Products/Images/1989/74480/delites-st15s01-190x190.jpg',118),(118,'https://cdn1.tgdd.vn/Products/Images/Labels/label-tang-qua-online.png',119),(119,'https://cdn3.tgdd.vn/Products/Images/1942/105258/tivisony-kd-49x7500e-230x140.png',120),(120,'https://cdn1.tgdd.vn/Products/Images/1942/104496/tivi-sony-kd-55x7000e-daidien--230x140.png',121),(121,'https://cdn1.tgdd.vn/Products/Images/1942/112731/tivi-samsung-ua32j4303d-230x140.png',122),(122,'https://cdn1.tgdd.vn/Products/Images/1942/95676/smarttivisamsung-ua43m5500-230x140.png',123),(123,'https://cdn1.tgdd.vn/Products/Images/Labels/label-gia-soc-cuoi-tuan-t9.png',124),(124,'https://cdn.tgdd.vn/Products/Images/1942/113135/tivi-samsung-ua40j5200d-230x140.png',125),(125,'https://cdn3.tgdd.vn/Products/Images/1942/96888/tivi-samsung-43-inch-ua43mu6100-thumb-230x140.png',126),(126,'https://cdn1.tgdd.vn/Products/Images/1942/103016/tivi-samsung-ua43mu6400-1-230x140.png',127),(127,'https://cdn3.tgdd.vn/Products/Images/1985/92913/may-xay-sinh-to-panasonic-mx-gm1011-hra--190x190.jpg',128),(128,'https://cdn1.tgdd.vn/Products/Images/2162/84786/dan-loa-dvd-samsung-hw-j250-xv-2-daidien--190x190.png',129),(129,'https://cdn1.tgdd.vn/Products/Images/1942/113136/tivi-samsung-ua32j4003d-230x140.png',130),(130,'https://cdn1.tgdd.vn/Products/Images/Labels/label-gia-soc-cuoi-tuan-t9.png',131),(131,'https://cdn4.tgdd.vn/Products/Images/1942/102639/tivi-lg-32lj571d-daidien1-230x140.png',132),(132,'https://cdn4.tgdd.vn/Products/Images/1942/103274/lg-43uj633t-thumb-230x140.png',133),(133,'https://cdn2.tgdd.vn/Products/Images/1942/103237/lg-43lj553t-thumb-230x140.png',134),(134,'https://cdn.tgdd.vn/Products/Images/1942/101845/tivi-lg-43uj652t-thumb-230x140.png',135),(135,'https://cdn.tgdd.vn/Products/Images/1942/103275/lg-49uj633t-thumb-230x140.png',136),(136,'https://cdn.tgdd.vn/Products/Images/1942/103235/tivi-led-lg-55uj632t-1-230x140.png',137),(137,'https://cdn3.tgdd.vn/Products/Images/1942/103278/tivilg-49lj553t-1-230x140.png',138),(138,'https://cdn1.tgdd.vn/Products/Images/1942/101846/tivi-lg-49uj652t-thumb-230x140.png',139),(139,'https://cdn3.tgdd.vn/Products/Images/1942/101948/tivi-lg-32lj510d-thiein-230x140.png',140),(140,'https://cdn4.tgdd.vn/Products/Images/2102/88579/dieu-khien-thong-minh-lg-190x190.png',141),(141,'https://cdn1.tgdd.vn/Products/Images/1942/101711/tivi-sony-kd-49x8000e-thumb-230x140.png',142),(142,'https://cdn1.tgdd.vn/Products/Images/1942/104496/tivi-sony-kd-55x7000e-daidien--230x140.png',143),(143,'https://cdn1.tgdd.vn/Products/Images/Labels/label-tang-qua-online.png',144),(144,'https://cdn4.tgdd.vn/Products/Images/1942/83174/tivi-led-sony-kd-55x7000d-230x140.jpg',145),(145,'https://cdn.tgdd.vn/Products/Images/1942/101710/tivi-sony-kd-49x8000e-s-thumb-230x140.png',146),(146,'https://cdn.tgdd.vn/Products/Images/1942/106065/tivi-led-sony-kd-55x8500e-230x140.png',147),(147,'https://cdn4.tgdd.vn/Products/Images/1942/104499/tivi-sony-kd-65x7000e-dai-dien-aa-230x140.png',148),(148,'https://cdn1.tgdd.vn/Products/Images/1942/102181/tivi-sony-kd-49x9000e-thumb-230x140.png',149),(149,'https://cdn4.tgdd.vn/Products/Images/1942/103634/tivi-oled-sony-kd-65a1-230x140.png',150),(150,'https://cdn1.tgdd.vn/Products/Images/1942/103716/tivi-oled-sony-kd-55a1-1-230x140.png',151);
/*!40000 ALTER TABLE `imageProduct` ENABLE KEYS */;
UNLOCK TABLES;

--
-- Table structure for table `order`
--

DROP TABLE IF EXISTS `order`;
/*!40101 SET @saved_cs_client     = @@character_set_client */;
/*!40101 SET character_set_client = utf8 */;
CREATE TABLE `order` (
  `idorder` int(11) NOT NULL AUTO_INCREMENT,
  `name` varchar(255) COLLATE utf8_unicode_ci DEFAULT NULL,
  `create_Date` date DEFAULT NULL,
  `totalPrice` mediumtext COLLATE utf8_unicode_ci,
  `shipping_Address` varchar(255) COLLATE utf8_unicode_ci DEFAULT NULL,
  `user_idUser` int(11) NOT NULL,
  `store_idstore` int(11) NOT NULL,
  PRIMARY KEY (`idorder`),
  KEY `fk_order_user1_idx` (`user_idUser`),
  KEY `fk_order_store1_idx` (`store_idstore`),
  CONSTRAINT `fk_order_store1` FOREIGN KEY (`store_idstore`) REFERENCES `store` (`idstore`) ON DELETE NO ACTION ON UPDATE NO ACTION,
  CONSTRAINT `fk_order_user1` FOREIGN KEY (`user_idUser`) REFERENCES `user` (`idUser`) ON DELETE NO ACTION ON UPDATE NO ACTION
) ENGINE=InnoDB DEFAULT CHARSET=utf8 COLLATE=utf8_unicode_ci;
/*!40101 SET character_set_client = @saved_cs_client */;

--
-- Dumping data for table `order`
--

LOCK TABLES `order` WRITE;
/*!40000 ALTER TABLE `order` DISABLE KEYS */;
/*!40000 ALTER TABLE `order` ENABLE KEYS */;
UNLOCK TABLES;

--
-- Table structure for table `order_has_store_product`
--

DROP TABLE IF EXISTS `order_has_store_product`;
/*!40101 SET @saved_cs_client     = @@character_set_client */;
/*!40101 SET character_set_client = utf8 */;
CREATE TABLE `order_has_store_product` (
  `order_idorder` int(11) NOT NULL,
  `store_product_store_idstore` int(11) NOT NULL,
  `store_product_product_idProduct` int(11) NOT NULL,
  `quantity` int(11) NOT NULL,
  PRIMARY KEY (`order_idorder`,`store_product_store_idstore`,`store_product_product_idProduct`),
  KEY `fk_order_has_store_product_store_product1_idx` (`store_product_store_idstore`,`store_product_product_idProduct`),
  KEY `fk_order_has_store_product_order1_idx` (`order_idorder`),
  CONSTRAINT `fk_order_has_store_product_order1` FOREIGN KEY (`order_idorder`) REFERENCES `order` (`idorder`) ON DELETE NO ACTION ON UPDATE NO ACTION,
  CONSTRAINT `fk_order_has_store_product_store_product1` FOREIGN KEY (`store_product_store_idstore`, `store_product_product_idProduct`) REFERENCES `store_product` (`store_idstore`, `product_idProduct`) ON DELETE NO ACTION ON UPDATE NO ACTION
) ENGINE=InnoDB DEFAULT CHARSET=utf8 COLLATE=utf8_unicode_ci;
/*!40101 SET character_set_client = @saved_cs_client */;

--
-- Dumping data for table `order_has_store_product`
--

LOCK TABLES `order_has_store_product` WRITE;
/*!40000 ALTER TABLE `order_has_store_product` DISABLE KEYS */;
/*!40000 ALTER TABLE `order_has_store_product` ENABLE KEYS */;
UNLOCK TABLES;

--
-- Table structure for table `product`
--

DROP TABLE IF EXISTS `product`;
/*!40101 SET @saved_cs_client     = @@character_set_client */;
/*!40101 SET character_set_client = utf8 */;
CREATE TABLE `product` (
  `idProduct` int(11) NOT NULL AUTO_INCREMENT,
  `name` varchar(45) COLLATE utf8_unicode_ci DEFAULT NULL,
  `code` varchar(45) COLLATE utf8_unicode_ci DEFAULT NULL,
  `description` varchar(400) COLLATE utf8_unicode_ci DEFAULT NULL,
  `accessories` varchar(200) COLLATE utf8_unicode_ci DEFAULT NULL,
  `sub_Category_idSub_Category` int(11) NOT NULL,
  `product_assuarance_policy` varchar(400) COLLATE utf8_unicode_ci NOT NULL,
  `month_assuarance` int(11) NOT NULL,
  `brand_idbrand` int(11) NOT NULL,
  PRIMARY KEY (`idProduct`),
  KEY `fk_product_sub_Category1_idx` (`sub_Category_idSub_Category`),
  KEY `fk_product_brand1_idx` (`brand_idbrand`),
  CONSTRAINT `fk_product_brand1` FOREIGN KEY (`brand_idbrand`) REFERENCES `brand` (`idbrand`) ON DELETE NO ACTION ON UPDATE NO ACTION,
  CONSTRAINT `fk_product_sub_Category1` FOREIGN KEY (`sub_Category_idSub_Category`) REFERENCES `sub_Category` (`idSub_Category`) ON DELETE NO ACTION ON UPDATE NO ACTION
) ENGINE=InnoDB AUTO_INCREMENT=152 DEFAULT CHARSET=utf8 COLLATE=utf8_unicode_ci;
/*!40101 SET character_set_client = @saved_cs_client */;

--
-- Dumping data for table `product`
--

LOCK TABLES `product` WRITE;
/*!40000 ALTER TABLE `product` DISABLE KEYS */;
INSERT INTO `product` VALUES (2,'Samsung Galaxy Note 8',NULL,'{\"0\":\"Màn hình: 6.3\\\", Quad HD (2K)\",\"1\":\"HĐH: Android 7.1\",\"2\":\"CPU: Exynos 8895 8 nhân\",\"3\":\"RAM: 6 GB, ROM: 64 GB\",\"4\":\"Camera: 2 camera 12 MP, Selfie: 8 MP\",\"5\":\"PIN: 3300 mAh\"}','Trong hộp có: Sạc, Tai nghe, Sách hướng dẫn, Cáp(USB Type-C), Cây lấy sim',1,'Bảo hành chính hãng: thân máy 12 tháng, pin 12 tháng, sạc 6 tháng, tai nghe 6 tháng. 1 đổi 1 trong 1 tháng với sản phẩm lỗi',12,2),(3,'Samsung Galaxy S8 Plus',NULL,'{\"0\":\"Màn hình: 6.2, Quad HD (2K)\",\"1\":\"HĐH: Android 7.0\",\"2\":\"CPU: Exynos 8895 8 nhân\",\"3\":\"RAM: 4 GB, ROM: 64 GB\",\"4\":\"Camera: 12 MP, Selfie: 8 MP\",\"5\":\"PIN: 3500 mAh\"}','Trong hộp có: Sạc, Tai nghe, Sách hướng dẫn, Cáp(USB Type-C), Cây lấy sim',1,'Bảo hành chính hãng: thân máy 12 tháng, pin 12 tháng, sạc 6 tháng, tai nghe 6 tháng. 1 đổi 1 trong 1 tháng với sản phẩm lỗi',12,2),(4,'Samsung Galaxy S8',NULL,'{\"0\":\"Màn hình: 5.8\\\", Quad HD (2K)\",\"1\":\"HĐH: Android 7.0\",\"2\":\"CPU: Exynos 8895 8 nhân\",\"3\":\"RAM: 4 GB, ROM: 64 GB\",\"4\":\"Camera: 12 MP, Selfie: 8 MP\",\"5\":\"PIN: 3000 mAh\"}','Trong hộp có: Sạc, Tai nghe, Sách hướng dẫn, Cáp(USB Type-C), Cây lấy sim',1,'Bảo hành chính hãng: thân máy 12 tháng, pin 12 tháng, sạc 6 tháng, tai nghe 6 tháng. 1 đổi 1 trong 1 tháng với sản phẩm lỗi',12,2),(5,'Samsung Galaxy C9 Pro',NULL,'{\"0\":\"Màn hình: 6\\\", Full HD\",\"1\":\"HĐH: Android 6.0 (Marshmallow)\",\"2\":\"CPU: Snapdragon 653 8 nhân\",\"3\":\"RAM: 6 GB, ROM: 64 GB\",\"4\":\"Camera: 16 MP, Selfie: 16 MP\",\"5\":\"PIN: 4000 mAh\"}','Trong hộp có: Sạc, Tai nghe, Sách hướng dẫn, Cáp(USB Type-C), Cây lấy sim',1,'Bảo hành chính hãng: thân máy 12 tháng, pin 12 tháng, sạc 6 tháng, tai nghe 6 tháng. 1 đổi 1 trong 1 tháng với sản phẩm lỗi',12,2),(6,'Samsung Galaxy A7 (2017)',NULL,'{\"0\":\"Màn hình: 5.7\\\", Full HD\",\"1\":\"HĐH: Android 6.0 (Marshmallow)\",\"2\":\"CPU: Exynos 7880\",\"3\":\"RAM: 3 GB, ROM: 32 GB\",\"4\":\"Camera: 16 MP, Selfie: 16 MP\",\"5\":\"PIN: 3600 mAh, SIM: 2 SIM\"}','Trong hộp có: Sạc, Tai nghe, Sách hướng dẫn, Cáp(USB Type-C), Cây lấy sim',1,'Bảo hành chính hãng: thân máy 12 tháng, pin 12 tháng, sạc 6 tháng, tai nghe 6 tháng. 1 đổi 1 trong 1 tháng với sản phẩm lỗi',12,2),(7,'Samsung Galaxy J7+',NULL,'{\"0\":\"Màn hình: 5.5\\\", Full HD\",\"1\":\"HĐH: Android 7.0\",\"2\":\"CPU: MediaTek Helio P25 8 nhân\",\"3\":\"RAM: 4 GB, ROM: 32 GB\",\"4\":\"Camera: 13 MP và 5 MP (2 camera), Selfie: 16 MP\",\"5\":\"PIN: 3000 mAh\"}','Trong hộp có: Sạc, Tai nghe, Sách hướng dẫn, Cáp(USB Type-C), Cây lấy sim',1,'Bảo hành chính hãng: thân máy 12 tháng, pin 12 tháng, sạc 6 tháng, tai nghe 6 tháng. 1 đổi 1 trong 1 tháng với sản phẩm lỗi',12,2),(8,'Samsung Galaxy A5 (2017)',NULL,'{\"0\":\"Màn hình: 5.2\\\", Full HD\",\"1\":\"HĐH: Android 6.0 (Marshmallow)\",\"2\":\"CPU: Exynos 7880\",\"3\":\"RAM: 3 GB, ROM: 32 GB\",\"4\":\"Camera: 16 MP, Selfie: 16 MP\",\"5\":\"PIN: 3000 mAh, SIM: 2 SIM\"}','Trong hộp có: Sạc, Tai nghe, Sách hướng dẫn, Cáp(USB Type-C), Cây lấy sim',1,'Bảo hành chính hãng: thân máy 12 tháng, pin 12 tháng, sạc 6 tháng, tai nghe 6 tháng. 1 đổi 1 trong 1 tháng với sản phẩm lỗi',12,2),(9,'Samsung Galaxy A5 (2017) Blue Pastel',NULL,'{\"0\":\"Màn hình: 5.2\\\", Full HD\",\"1\":\"HĐH: Android 6.0 (Marshmallow)\",\"2\":\"CPU: Exynos 7880 8 nhân\",\"3\":\"RAM: 3 GB, ROM: 32 GB\",\"4\":\"Camera: 16 MP, Selfie: 16 MP\",\"5\":\"PIN: 3000 mAh\"}','Trong hộp có: Sạc, Tai nghe, Sách hướng dẫn, Cáp(USB Type-C), Cây lấy sim',1,'Bảo hành chính hãng: thân máy 12 tháng, pin 12 tháng, sạc 6 tháng, tai nghe 6 tháng. 1 đổi 1 trong 1 tháng với sản phẩm lỗi',12,2),(10,'Samsung Galaxy J7 Pro',NULL,'{\"0\":\"Màn hình: 5.5\\\", Full HD\",\"1\":\"HĐH: Android 7.0\",\"2\":\"CPU: Exynos, 8 nhân\",\"3\":\"RAM: 3 GB, ROM: 32 GB\",\"4\":\"Camera: 13 MP, Selfie: 13 MP\",\"5\":\"PIN: 3600mAh\"}','Trong hộp có: Sạc, Tai nghe, Sách hướng dẫn, Cáp(USB Type-C), Cây lấy sim',1,'Bảo hành chính hãng: thân máy 12 tháng, pin 12 tháng, sạc 6 tháng, tai nghe 6 tháng. 1 đổi 1 trong 1 tháng với sản phẩm lỗi',12,2),(11,'Samsung Galaxy J7 Prime',NULL,'{\"0\":\"Màn hình: 5.5\\\", Full HD\",\"1\":\"HĐH: Android 6.0 (Marshmallow)\",\"2\":\"CPU: Exynos 7870 8 nhân\",\"3\":\"RAM: 3 GB, ROM: 32 GB\",\"4\":\"Camera: 13 MP, Selfie: 8 MP\",\"5\":\"PIN: 3300 mAh, SIM: 2 SIM\"}','Trong hộp có: Sạc, Tai nghe, Sách hướng dẫn, Cáp(USB Type-C), Cây lấy sim',1,'Bảo hành chính hãng: thân máy 12 tháng, pin 12 tháng, sạc 6 tháng, tai nghe 6 tháng. 1 đổi 1 trong 1 tháng với sản phẩm lỗi',12,2),(12,'iPhone 8 Plus 256GB',NULL,'{\"0\":\"Màn hình: 5.5\\\", Retina HD\",\"1\":\"HĐH: iOS 11\",\"2\":\"CPU: Apple A11 Bionic 6 nhân\",\"3\":\"RAM: 3 GB, ROM: 256 GB\",\"4\":\"Camera: 2 camera 12 MP, Selfie: 7 MP\",\"5\":\"PIN: Đang cập nhật\"}','Trong hộp có: Sạc, Tai nghe, Sách hướng dẫn, Cáp(USB Type-C), Cây lấy sim',1,'Bảo hành chính hãng: thân máy 12 tháng, sạc 12 tháng, tai nghe 12 tháng',12,1),(13,'iPhone 8 256GB',NULL,'{\"0\":\"Màn hình: 4.7\\\", Retina HD\",\"1\":\"HĐH: iOS 11\",\"2\":\"CPU: Apple A11 Bionic 6 nhân\",\"3\":\"RAM: 2 GB, ROM: 256 GB\",\"4\":\"Camera: 12 MP, Selfie: 7 MP\",\"5\":\"PIN: Đang cập nhật\"}','Trong hộp có: Sạc, Tai nghe, Sách hướng dẫn, Cáp(USB Type-C), Cây lấy sim',1,'Bảo hành chính hãng: thân máy 12 tháng, sạc 12 tháng, tai nghe 12 tháng',12,1),(14,'iPhone 7 Plus 256GB',NULL,'{\"0\":\"Màn hình: 5.5\\\", Retina HD\",\"1\":\"HĐH: iOS 10\",\"2\":\"CPU: Apple A10 Fusion 4 nhân\",\"3\":\"RAM: 3 GB, ROM: 256 GB\",\"4\":\"Camera: 2x12 MP, Selfie: 7 MP\",\"5\":\"PIN: 2900 mAh, SIM: 1 SIM\"}','Trong hộp có: Sạc, Tai nghe, Sách hướng dẫn, Cáp(USB Type-C), Cây lấy sim',1,'Bảo hành chính hãng: thân máy 12 tháng, sạc 12 tháng, tai nghe 12 tháng',12,1),(15,'iPhone 8 Plus 64GB',NULL,'{\"0\":\"Màn hình: 5.5\\\", Retina HD\",\"1\":\"HĐH: iOS 11\",\"2\":\"CPU: Apple A11 Bionic 6 nhân\",\"3\":\"RAM: 3 GB, ROM: 64 GB\",\"4\":\"Camera: 2 camera 12 MP, Selfie: 7 MP\",\"5\":\"PIN: Đang cập nhật\"}','Trong hộp có: Sạc, Tai nghe, Sách hướng dẫn, Cáp(USB Type-C), Cây lấy sim',1,'Bảo hành chính hãng: thân máy 12 tháng, sạc 12 tháng, tai nghe 12 tháng',12,1),(16,'iPhone 7 Plus 128GB',NULL,'{\"0\":\"Màn hình: 5.5\\\", Retina HD\",\"1\":\"HĐH: iOS 10\",\"2\":\"CPU: Apple A10 Fusion 4 nhân\",\"3\":\"RAM: 3 GB, ROM: 128 GB\",\"4\":\"Camera: 2x12 MP, Selfie: 7 MP\",\"5\":\"PIN: 2900 mAh, SIM: 1 SIM\"}','Trong hộp có: Sạc, Tai nghe, Sách hướng dẫn, Cáp(USB Type-C), Cây lấy sim',1,'Bảo hành chính hãng: thân máy 12 tháng, sạc 12 tháng, tai nghe 12 tháng',12,1),(17,'iPhone 8 64GB',NULL,'{\"0\":\"Màn hình: 4.7\\\", Retina HD\",\"1\":\"HĐH: iOS 11\",\"2\":\"CPU: Apple A11 Bionic 6 nhân\",\"3\":\"RAM: 2 GB, ROM: 64 GB\",\"4\":\"Camera: 12 MP, Selfie: 7 MP\",\"5\":\"PIN: Đang cập nhật\"}','Trong hộp có: Sạc, Tai nghe, Sách hướng dẫn, Cáp(USB Type-C), Cây lấy sim',1,'Bảo hành chính hãng: thân máy 12 tháng, sạc 12 tháng, tai nghe 12 tháng',12,1),(18,'iPhone 7 256GB',NULL,'{\"0\":\"Màn hình: 4.7\\\", Retina HD\",\"1\":\"HĐH: iOS 10\",\"2\":\"CPU: Apple A10 Fusion 4 nhân\",\"3\":\"RAM: 2 GB, ROM: 256 GB\",\"4\":\"Camera: 12 MP, Selfie: 7 MP\",\"5\":\"PIN: 1960 mAh, SIM: 1 SIM\"}','Trong hộp có: Sạc, Tai nghe, Sách hướng dẫn, Cáp(USB Type-C), Cây lấy sim',1,'Bảo hành chính hãng: thân máy 12 tháng, sạc 12 tháng, tai nghe 12 tháng',12,1),(19,'iPhone 7 Plus 32GB',NULL,'{\"0\":\"Màn hình: 5.5\\\", Retina HD\",\"1\":\"HĐH: iOS 10\",\"2\":\"CPU: Apple A10 Fusion 4 nhân\",\"3\":\"RAM: 3 GB, ROM: 32 GB\",\"4\":\"Camera: Hai Camera 12 MP, Selfie: 7 MP\",\"5\":\"PIN: 2900 mAh, SIM: 1 SIM\"}','Trong hộp có: Sạc, Tai nghe, Sách hướng dẫn, Cáp(USB Type-C), Cây lấy sim',1,'Bảo hành chính hãng: thân máy 12 tháng, sạc 12 tháng, tai nghe 12 tháng',12,1),(20,'iPhone 7 128GB',NULL,'{\"0\":\"Màn hình: 4.7\\\", Retina HD\",\"1\":\"HĐH: iOS 10\",\"2\":\"CPU: Apple A10 Fusion 4 nhân\",\"3\":\"RAM: 2 GB, ROM: 128 GB\",\"4\":\"Camera: 12 MP, Selfie: 7 MP\",\"5\":\"PIN: 1960 mAh, SIM: 1 SIM\"}','Trong hộp có: Sạc, Tai nghe, Sách hướng dẫn, Cáp(USB Type-C), Cây lấy sim',1,'Bảo hành chính hãng: thân máy 12 tháng, sạc 12 tháng, tai nghe 12 tháng',12,1),(21,'iPhone 6s 128GB',NULL,'{\"0\":\"Màn hình: 4.7\\\", Retina HD\",\"1\":\"HĐH: iOS 10\",\"2\":\"CPU: Apple A9 2 nhân 64-bit\",\"3\":\"RAM: 2 GB, ROM: 128 GB\",\"4\":\"Camera: 12 MP, Selfie: 5 MP\",\"5\":\"PIN: 1715 mAh\"}','Trong hộp có: Sạc, Tai nghe, Sách hướng dẫn, Cáp(USB Type-C), Cây lấy sim',1,'Bảo hành chính hãng: thân máy 12 tháng, sạc 12 tháng, tai nghe 12 tháng',12,1),(22,'OPPO F3 Plus',NULL,'{\"0\":\"Màn hình: 6\\\", Full HD\",\"1\":\"HĐH: Android 6.0 (Marshmallow)\",\"2\":\"CPU: Snapdragon 653\",\"3\":\"RAM: 4 GB, ROM: 64 GB\",\"4\":\"Camera: 16 MP, Selfie: 16 MP và 8 MP\",\"5\":\"PIN: 4000 mAh\"}','Trong hộp có: Sạc, Tai nghe, Sách hướng dẫn, Cáp, Cây lấy sim, Ốp lưng',1,'Bảo hành chính hãng: thân máy 12 tháng, pin 12 tháng, sạc 6 tháng, tai nghe 6 tháng. 1 đổi 1 trong 1 tháng với sản phẩm lỗi',12,3),(23,'OPPO F3',NULL,'{\"0\":\"Màn hình: 5.5\\\", Full HD\",\"1\":\"HĐH: Android 6.0 (Marshmallow)\",\"2\":\"CPU: Mediatek MT6750T 8 nhân\",\"3\":\"RAM: 4 GB, ROM: 64 GB\",\"4\":\"Camera: 13 MP, Selfie: 16 MP và 8 MP\",\"5\":\"PIN: 3200 mAh\"}','Trong hộp có: Sạc, Tai nghe, Sách hướng dẫn, Cáp, Cây lấy sim, Ốp lưng',1,'Bảo hành chính hãng: thân máy 12 tháng, pin 12 tháng, sạc 6 tháng, tai nghe 6 tháng. 1 đổi 1 trong 1 tháng với sản phẩm lỗi',12,3),(24,'OPPO F3 Lite (A57)',NULL,'{\"0\":\"Màn hình: 5.2\\\", HD\",\"1\":\"HĐH: Android 6.0 (Marshmallow)\",\"2\":\"CPU: Snapdragon 435 8 nhân\",\"3\":\"RAM: 3 GB, ROM: 32 GB\",\"4\":\"Camera: 13 MP, Selfie: 16 MP\",\"5\":\"PIN: 2900 mAh, SIM: 2 SIM\"}','Trong hộp có: Sạc, Tai nghe, Sách hướng dẫn, Cáp, Cây lấy sim, Ốp lưng',1,'Bảo hành chính hãng: thân máy 12 tháng, pin 12 tháng, sạc 6 tháng, tai nghe 6 tháng. 1 đổi 1 trong 1 tháng với sản phẩm lỗi',12,3),(25,'OPPO A71',NULL,'{\"0\":\"Màn hình: 5.2\\\", HD\",\"1\":\"HĐH: Android 7.1\",\"2\":\"CPU: Mediatek MT6750 8 nhân\",\"3\":\"RAM: 3 GB, ROM: 16 GB\",\"4\":\"Camera: 13 MP, Selfie: 5 MP\",\"5\":\"PIN: 3000 mAh\"}','Trong hộp có: Sạc, Tai nghe, Sách hướng dẫn, Cáp, Cây lấy sim, Ốp lưng',1,'Bảo hành chính hãng: thân máy 12 tháng, pin 12 tháng, sạc 6 tháng, tai nghe 6 tháng. 1 đổi 1 trong 1 tháng với sản phẩm lỗi',12,3),(26,'OPPO A37 (A37fw)',NULL,'{\"0\":\"Màn hình: 5\\\", HD\",\"1\":\"HĐH: Android 5.1 (Lollipop)\",\"2\":\"CPU: Snapdragon 410 4 nhân\",\"3\":\"RAM: 2 GB, ROM: 16 GB\",\"4\":\"Camera: 8 MP, Selfie: 5 MP\",\"5\":\"PIN: 2630 mAh, SIM: 2 SIM\"}','Trong hộp có: Sạc, Tai nghe, Sách hướng dẫn, Cáp, Cây lấy sim, Ốp lưng',1,'Bảo hành chính hãng: thân máy 12 tháng, pin 12 tháng, sạc 6 tháng, tai nghe 6 tháng. 1 đổi 1 trong 1 tháng với sản phẩm lỗi',12,3),(27,'Sony Xperia XZ Premium',NULL,'{\"0\":\"Màn hình: 5.5\\\", 4K\",\"1\":\"HĐH: Android 7.0\",\"2\":\"CPU: Snapdragon 835 8 nhân\",\"3\":\"RAM: 4 GB, ROM: 64 GB\",\"4\":\"Camera: 19 MP, Selfie: 13 MP\",\"5\":\"PIN: 3230 mAh\"}','Trong hộp có: Sạc, Tai nghe, Sách hướng dẫn, Cáp(USB Type-C), Cây lấy sim',1,'Bảo hành chính hãng: thân máy 12 tháng, pin 12 tháng, sạc 6 tháng, tai nghe 6 tháng. 1 đổi 1 trong 1 tháng với sản phẩm lỗi',12,4),(28,'Sony Xperia XZ Premium Pink Gold',NULL,'{\"0\":\"Màn hình: 5.5\\\", Ultra HD (4K)\",\"1\":\"HĐH: Android 7.1\",\"2\":\"CPU: Qualcomm Snapdragon 835 8 nhân 64-bit\",\"3\":\"RAM: 4 GB, ROM: 64 GB\",\"4\":\"Camera: 19 MP, Selfie: 13 MP\",\"5\":\"PIN: 3230 mAh\"}','Trong hộp có: Sạc, Tai nghe, Sách hướng dẫn, Cáp(USB Type-C), Cây lấy sim',1,'Bảo hành chính hãng: thân máy 12 tháng, pin 12 tháng, sạc 6 tháng, tai nghe 6 tháng. 1 đổi 1 trong 1 tháng với sản phẩm lỗi',12,4),(29,'Sony Xperia XZ1',NULL,'{\"0\":\"Màn hình: 5.2\\\", Full HD\",\"1\":\"HĐH: Android 8.0\",\"2\":\"CPU: Qualcomm Snapdragon 835 8 nhân 64-bit\",\"3\":\"RAM: 4 GB, ROM: 64 GB\",\"4\":\"Camera: 19 MP, Selfie: 13 MP\",\"5\":\"PIN: 2700 mAh\"}','Trong hộp có: Sạc, Tai nghe, Sách hướng dẫn, Cáp(USB Type-C), Cây lấy sim',1,'Bảo hành chính hãng: thân máy 12 tháng, pin 12 tháng, sạc 6 tháng, tai nghe 6 tháng. 1 đổi 1 trong 1 tháng với sản phẩm lỗi',12,4),(30,'Sony Xperia XZs',NULL,'{\"0\":\"Màn hình: 5.2\\\", Full HD\",\"1\":\"HĐH: Android 7.0\",\"2\":\"CPU: Snapdragon 820 4 nhân\",\"3\":\"RAM: 4 GB, ROM: 64 GB\",\"4\":\"Camera: 19 MP, Selfie: 13 MP\",\"5\":\"PIN: 2900 mAh\"}','Trong hộp có: Sạc, Tai nghe, Sách hướng dẫn, Cáp(USB Type-C), Cây lấy sim',1,'Bảo hành chính hãng: thân máy 12 tháng, pin 12 tháng, sạc 6 tháng, tai nghe 6 tháng. 1 đổi 1 trong 1 tháng với sản phẩm lỗi',12,4),(31,'Sony Xperia XZ Dual',NULL,'{\"0\":\"Màn hình: 5.2\\\", Full HD\",\"1\":\"HĐH: Android 7.0\",\"2\":\"CPU: Snapdragon 820 4 nhân\",\"3\":\"RAM: 3 GB, ROM: 64 GB\",\"4\":\"Camera: 23 MP, Selfie: 13 MP\",\"5\":\"PIN: 2900 mAh\"}','Trong hộp có: Sạc, Tai nghe, Sách hướng dẫn, Cáp(USB Type-C), Cây lấy sim',1,'Bảo hành chính hãng: thân máy 12 tháng, pin 12 tháng, sạc 6 tháng, tai nghe 6 tháng. 1 đổi 1 trong 1 tháng với sản phẩm lỗi',12,4),(32,'Sony Xperia XA1 Ultra',NULL,'{\"0\":\"Màn hình: 6\\\", Full HD\",\"1\":\"HĐH: Android 7.0\",\"2\":\"CPU: Helio P20, 8 nhân\",\"3\":\"RAM: 4 GB, ROM: 64 GB\",\"4\":\"Camera: 23 MP, Selfie: 16 MP\",\"5\":\"PIN: 2700 mAh, SIM: 2 SIM\"}','Trong hộp có: Sạc, Tai nghe, Sách hướng dẫn, Cáp(USB Type-C), Cây lấy sim',1,'Bảo hành chính hãng: thân máy 12 tháng, pin 12 tháng, sạc 6 tháng, tai nghe 6 tháng. 1 đổi 1 trong 1 tháng với sản phẩm lỗi',12,4),(33,'Sony Xperia X',NULL,'{\"0\":\"Màn hình: 5\\\", Full HD\",\"1\":\"HĐH: Android 6.0 (Marshmallow)\",\"2\":\"CPU: Snapdragon 650 6 nhân\",\"3\":\"RAM: 3 GB, ROM: 64 GB\",\"4\":\"Camera: 23 MP, Selfie: 13 MP\",\"5\":\"PIN: 2620 mAh, SIM: 2 SIM\"}','Trong hộp có: Sạc, Tai nghe, Sách hướng dẫn, Cáp(USB Type-C), Cây lấy sim',1,'Bảo hành chính hãng: thân máy 12 tháng, pin 12 tháng, sạc 6 tháng, tai nghe 6 tháng. 1 đổi 1 trong 1 tháng với sản phẩm lỗi',12,4),(34,'Sony Xperia XA1 Plus',NULL,'{\"0\":\"Màn hình: 5.5\\\", Full HD\",\"1\":\"HĐH: Android 7.0\",\"2\":\"CPU: Mediatek Helio P20\",\"3\":\"RAM: 4 GB, ROM: 32 GB\",\"4\":\"Camera: 23 MP, Selfie: 8 MP\",\"5\":\"PIN: 3430 mAh\"}','Trong hộp có: Sạc, Tai nghe, Sách hướng dẫn, Cáp(USB Type-C), Cây lấy sim',1,'Bảo hành chính hãng: thân máy 12 tháng, pin 12 tháng, sạc 6 tháng, tai nghe 6 tháng. 1 đổi 1 trong 1 tháng với sản phẩm lỗi',12,4),(35,'Sony Xperia XA Ultra',NULL,'{\"0\":\"Màn hình: 6\\\", Full HD\",\"1\":\"HĐH: Android 6.0 (Marshmallow)\",\"2\":\"CPU: Helio P10 8 nhân\",\"3\":\"RAM: 3 GB, ROM: 16 GB\",\"4\":\"Camera: 21.5 MP, Selfie: 16 MP\",\"5\":\"PIN: 2700 mAh, SIM: 2 SIM\"}','Trong hộp có: Sạc, Tai nghe, Sách hướng dẫn, Cáp(USB Type-C), Cây lấy sim',1,'Bảo hành chính hãng: thân máy 12 tháng, pin 12 tháng, sạc 6 tháng, tai nghe 6 tháng. 1 đổi 1 trong 1 tháng với sản phẩm lỗi',12,4),(36,'Sony Xperia XA1',NULL,'{\"0\":\"Màn hình: 5.0\\\", HD\",\"1\":\"HĐH: Android 7.0\",\"2\":\"CPU: Helio P20, 8 nhân\",\"3\":\"RAM: 3GB; ROM: 32GB\",\"4\":\"Camera: 23MP, Selfie: 8MP\",\"5\":\"PIN: 2300 mAh, SIM: 2 SIM\"}','Trong hộp có: Sạc, Tai nghe, Sách hướng dẫn, Cáp(USB Type-C), Cây lấy sim',1,'Bảo hành chính hãng: thân máy 12 tháng, pin 12 tháng, sạc 6 tháng, tai nghe 6 tháng. 1 đổi 1 trong 1 tháng với sản phẩm lỗi',12,4),(37,'Asus Zenfone 4 Max Pro ZC554KL',NULL,'{\"0\":\"Màn hình: 5.5\\\", HD\",\"1\":\"HĐH: Android 7.0\",\"2\":\"CPU: Qualcomm Snapdragon 430 8 nhân 64 bit\",\"3\":\"RAM: 3 GB, ROM: 32 GB\",\"4\":\"Camera: 16 MP và 5 MP (2 camera), Selfie: 16 MP\",\"5\":\"PIN: 5000 mAh\"}','Trong hộp có: Sạc, Tai nghe, Sách hướng dẫn, Cáp(USB Type-C), Cây lấy sim',1,'Bảo hành chính hãng: thân máy 12 tháng, pin 12 tháng, sạc 12 tháng',12,5),(38,'Asus Zenfone Live ZB501KL',NULL,'{\"0\":\"Màn hình: 5\\\", HD\",\"1\":\"HĐH: Android 6.0\",\"2\":\"CPU: Qualcomm Snapdragon 400 4 nhân\",\"3\":\"RAM: 2 GB, ROM: 16 GB\",\"4\":\"Camera: 13 MP, Selfie: 5 MP\",\"5\":\"PIN: 2650 mAh, SIM: 2 SIM\"}','Trong hộp có: Sạc, Tai nghe, Sách hướng dẫn, Cáp(USB Type-C), Cây lấy sim',1,'Bảo hành chính hãng: thân máy 12 tháng, pin 12 tháng, sạc 12 tháng',12,5),(39,'Asus Zenfone Go TV ZB551KL',NULL,'{\"0\":\"Màn hình: 5.5\\\", HD\",\"1\":\"HĐH: Android 5.1 (Lollipop)\",\"2\":\"CPU: Qualcomm Snapdragon 400 4 nhân\",\"3\":\"RAM: 2 GB, ROM: 32 GB\",\"4\":\"Camera: 13 MP, Selfie: 5 MP\",\"5\":\"PIN: 3010 mAh, SIM: 2 SIM\"}','Trong hộp có: Sạc, Tai nghe, Sách hướng dẫn, Cáp(USB Type-C), Cây lấy sim',1,'Bảo hành chính hãng: thân máy 12 tháng, pin 12 tháng, sạc 12 tháng',12,5),(40,'Asus Zenfone Go ZC500TG',NULL,'{\"0\":\"Màn hình: 5\\\", HD\",\"1\":\"HĐH: Android 5.1 (Lollipop)\",\"2\":\"CPU: MT6580 4 nhân\",\"3\":\"RAM: 2 GB, ROM: 16 GB\",\"4\":\"Camera: 8 MP, Selfie: 2 MP\",\"5\":\"PIN: 2070 mAh, SIM: 2 SIM\"}','Trong hộp có: Sạc, Tai nghe, Sách hướng dẫn, Cáp(USB Type-C), Cây lấy sim',1,'Bảo hành chính hãng: thân máy 12 tháng, pin 12 tháng, sạc 12 tháng',12,5),(41,'Asus Zenfone 2 Go ZB500KG',NULL,'{\"0\":\"Màn hình: 5\\\", FWVGA\",\"1\":\"HĐH: Android 5.1 (Lollipop)\",\"2\":\"CPU: Qualcomm Snapdragon 200 4 nhân\",\"3\":\"RAM: 1 GB, ROM: 8 GB\",\"4\":\"Camera: 8 MP, Selfie: 2 MP\",\"5\":\"PIN: 2600 mAh, SIM: 2 SIM\"}','Trong hộp có: Sạc, Tai nghe, Sách hướng dẫn, Cáp(USB Type-C), Cây lấy sim',1,'Bảo hành chính hãng: thân máy 12 tháng, pin 12 tháng, sạc 12 tháng',12,5),(42,'Mobiistar Zumbo S2 Dual',NULL,'{\"0\":\"Màn hình: 5.5\\\", Full HD\",\"1\":\"HĐH: Android 7.0\",\"2\":\"CPU: MT6737T, 4 nhân\",\"3\":\"RAM: 3 GB, ROM: 32 GB\",\"4\":\"Camera: 13 MP, Selfie: 13 MP và 8 MP\",\"5\":\"PIN: 3000 mAh\"}','Trong hộp có: Sạc, Tai nghe, Sách hướng dẫn, Cáp(USB Type-C), Cây lấy sim',1,'Bảo hành chính hãng: thân máy 12 tháng, pin 12 tháng, sạc 6 tháng, tai nghe 6 tháng. 1 đổi 1 trong 1 tháng với sản phẩm lỗi',12,6),(43,'Mobiistar Zumbo S2',NULL,'{\"0\":\"Màn hình: 5.5\\\", FHD\",\"1\":\"HĐH: Android 7.0 (Nougat)\",\"2\":\"CPU: MTK MT6737T 4 nhân\",\"3\":\"RAM: 3 GB, ROM: 16 GB\",\"4\":\"Camera: 13 MP, Selfie: 13 MP\",\"5\":\"PIN: 3000 mAh, SIM: 2 SIM\"}','Trong hộp có: Sạc, Tai nghe, Sách hướng dẫn, Cáp(USB Type-C), Cây lấy sim',1,'Bảo hành chính hãng: thân máy 12 tháng, pin 12 tháng, sạc 6 tháng, tai nghe 6 tháng. 1 đổi 1 trong 1 tháng với sản phẩm lỗi',12,6),(44,'Mobiistar Prime X1',NULL,'{\"0\":\"Màn hình: 5.5\\\", HD\",\"1\":\"HĐH: Android 6.0\",\"2\":\"CPU: MTK MT6737, 4 nhân\",\"3\":\"RAM: 3 GB, ROM: 16 GB\",\"4\":\"Camera: 13 MP, Selfie: 8 MP\",\"5\":\"Pin: 3000 mAh, 2 SIM\"}','Trong hộp có: Sạc, Tai nghe, Sách hướng dẫn, Cáp(USB Type-C), Cây lấy sim',1,'Bảo hành chính hãng: thân máy 12 tháng, pin 12 tháng, sạc 6 tháng, tai nghe 6 tháng. 1 đổi 1 trong 1 tháng với sản phẩm lỗi',12,6),(45,'Mobiistar Zumbo J2',NULL,'{\"0\":\"Màn hình: 5.2\\\", HD\",\"1\":\"HĐH: Android 7.0 (Nougat)\",\"2\":\"CPU: MTK MT6737 4 nhân\",\"3\":\"RAM: 2 GB, ROM: 16 GB\",\"4\":\"Camera: 13 MP, Selfie: 13 MP\",\"5\":\"PIN: 3000 mAh, SIM: 2 SIM\"}','Trong hộp có: Sạc, Tai nghe, Sách hướng dẫn, Cáp(USB Type-C), Cây lấy sim',1,'Bảo hành chính hãng: thân máy 12 tháng, pin 12 tháng, sạc 6 tháng, tai nghe 6 tháng. 1 đổi 1 trong 1 tháng với sản phẩm lỗi',12,6),(46,'Mobiistar Lai Zumbo S (2017)',NULL,'{\"0\":\"Màn hình: 5.5\\\", HD\",\"1\":\"HĐH: Android 7.0 (Nougat)\",\"2\":\"CPU: MTK MT6737 4 nhân\",\"3\":\"RAM: 2 GB, ROM: 16 GB\",\"4\":\"Camera: 8 MP, Selfie: 8 MP\",\"5\":\"PIN: 4000 mAh, SIM: 2 SIM\"}','Trong hộp có: Sạc, Tai nghe, Sách hướng dẫn, Cáp(USB Type-C), Cây lấy sim',1,'Bảo hành chính hãng: thân máy 12 tháng, pin 12 tháng, sạc 6 tháng, tai nghe 6 tháng. 1 đổi 1 trong 1 tháng với sản phẩm lỗi',12,6),(47,'Mobiistar Lai Zumbo J 2017',NULL,'{\"0\":\"Màn hình: 5.2\\\", HD\",\"1\":\"HĐH: Android 6.0 (Marshmallow)\",\"2\":\"CPU: MT6580 4 nhân\",\"3\":\"RAM: 2 GB, ROM: 16 GB\",\"4\":\"Camera: 8 MP, Selfie: 8 MP\",\"5\":\"PIN: 2400 mAh, SIM: 2 SIM\"}','Trong hộp có: Sạc, Tai nghe, Sách hướng dẫn, Cáp(USB Type-C), Cây lấy sim',1,'Bảo hành chính hãng: thân máy 12 tháng, pin 12 tháng, sạc 6 tháng, tai nghe 6 tháng. 1 đổi 1 trong 1 tháng với sản phẩm lỗi',12,6),(48,'Mobiistar Lai Zumbo S Lite (2017)',NULL,'{\"0\":\"Màn hình: 5.5\\\", HD\",\"1\":\"HĐH: Android 7.0 (Nougat)\",\"2\":\"CPU: MTK MT6737 4 nhân\",\"3\":\"RAM: 1 GB, ROM: 8 GB\",\"4\":\"Camera: 8 MP, Selfie: 5 MP\",\"5\":\"PIN: 4000 mAh, SIM: 2 SIM\"}','Trong hộp có: Sạc, Tai nghe, Sách hướng dẫn, Cáp(USB Type-C), Cây lấy sim',1,'Bảo hành chính hãng: thân máy 12 tháng, pin 12 tháng, sạc 6 tháng, tai nghe 6 tháng. 1 đổi 1 trong 1 tháng với sản phẩm lỗi',12,6),(49,'Mobiistar Lai Yuna 1',NULL,'{\"0\":\"Màn hình: 5\\\", HD\",\"1\":\"HĐH: Android 6.0 (Marshmallow)\",\"2\":\"CPU: MT6580 4 nhân 32-bit\",\"3\":\"RAM: 1 GB, ROM: 8 GB\",\"4\":\"Camera: 8 MP, Selfie: 5 MP\",\"5\":\"PIN: 2300 mAh\"}','Trong hộp có: Sạc, Tai nghe, Sách hướng dẫn, Cáp(USB Type-C), Cây lấy sim',1,'Bảo hành chính hãng: thân máy 12 tháng, pin 12 tháng, sạc 6 tháng, tai nghe 6 tháng. 1 đổi 1 trong 1 tháng với sản phẩm lỗi',12,6),(50,'Mobiistar Zoro 4G',NULL,'{\"0\":\"Màn hình: 5\\\", FWGA\",\"1\":\"HĐH: Android 7.0\",\"2\":\"CPU: Cortex-A7 4 nhân\",\"3\":\"RAM: 1 GB, ROM: 8 GB\",\"4\":\"Camera: 5 MP, Selfie: 2 MP\",\"5\":\"PIN: 2100 mAh, SIM: 2 SIM\"}','Trong hộp có: Sạc, Tai nghe, Sách hướng dẫn, Cáp(USB Type-C), Cây lấy sim',1,'Bảo hành chính hãng: thân máy 12 tháng, pin 12 tháng, sạc 6 tháng, tai nghe 6 tháng. 1 đổi 1 trong 1 tháng với sản phẩm lỗi',12,6),(51,'Mobiistar Lai Z2',NULL,'{\"0\":\"Màn hình: 5\\\", FWVGA\",\"1\":\"HĐH: Android 7.0 (Nougat)\",\"2\":\"CPU: MTK MT6580 4 nhân\",\"3\":\"RAM: 1 GB, ROM: 8 GB\",\"4\":\"Camera: 5 MP, Selfie: 2 MP\",\"5\":\"PIN: 2000 mAh, SIM: 2 SIM\"}','Trong hộp có: Sạc, Tai nghe, Sách hướng dẫn, Cáp(USB Type-C), Cây lấy sim',1,'Bảo hành chính hãng: thân máy 12 tháng, pin 12 tháng, sạc 6 tháng, tai nghe 6 tháng. 1 đổi 1 trong 1 tháng với sản phẩm lỗi',12,6),(52,'HTC U11',NULL,'{\"0\":\"Màn hình: 5.5\\\", Quad HD\",\"1\":\"HĐH: Android 7.1\",\"2\":\"CPU: Snapdragon 835, 8 nhân\",\"3\":\"RAM: 6GB; ROM: 128GB\",\"4\":\"Camera: 12MP, Selfie: 16MP\",\"5\":\"PIN: 3000 mAh, SIM: 2 SIM\"}','Trong hộp có: Sạc, Tai nghe, Sách hướng dẫn, Cáp(USB Type-C), Cây lấy sim',1,'Bảo hành chính hãng: thân máy 12 tháng, pin 12 tháng, sạc 6 tháng, tai nghe 6 tháng. 1 đổi 1 trong 1 tháng với sản phẩm lỗi',12,7),(53,'HTC U Ultra Sapphire',NULL,'{\"0\":\"Màn hình: 5.7\\\", Quad HD (2K)\",\"1\":\"HĐH: Android 7.0\",\"2\":\"CPU: Qualcomm Snapdragon 821 4 nhân\",\"3\":\"RAM: 4 GB, ROM: 128 GB\",\"4\":\"Camera: 12 MP, Selfie: 16 MP\",\"5\":\"PIN: 3000 mAh\"}','Trong hộp có: Sạc, Tai nghe, Sách hướng dẫn, Cáp(USB Type-C), Cây lấy sim',1,'Bảo hành chính hãng: thân máy 12 tháng, pin 12 tháng, sạc 6 tháng, tai nghe 6 tháng. 1 đổi 1 trong 1 tháng với sản phẩm lỗi',12,7),(54,'HTC U Ultra',NULL,'{\"0\":\"Màn hình: Chính: 5.7\\\", phụ: 2.05\\\", Quad HD\",\"1\":\"HĐH: Android 7.0\",\"2\":\"CPU: Qualcomm Snapdragon 821 4 nhân\",\"3\":\"RAM: 4 GB, ROM: 64 GB\",\"4\":\"Camera: 12 MP, Selfie: 16 MP\",\"5\":\"PIN: 3000 mAh, SIM: 2 SIM\"}','Trong hộp có: Sạc, Tai nghe, Sách hướng dẫn, Cáp(USB Type-C), Cây lấy sim',1,'Bảo hành chính hãng: thân máy 12 tháng, pin 12 tháng, sạc 6 tháng, tai nghe 6 tháng. 1 đổi 1 trong 1 tháng với sản phẩm lỗi',12,7),(55,'HTC U Play',NULL,'{\"0\":\"Màn hình: 5.2\\\", Full HD\",\"1\":\"HĐH: Android 6.0 (Marshmallow)\",\"2\":\"CPU: MTK Helio P10 8 nhân 64-bit\",\"3\":\"RAM: 3GB, ROM: 32GB\",\"4\":\"Camera: 16 MP, Selfie: 16 MP\",\"5\":\"PIN: 2500 mAh, SIM: 2 SIM\"}','Trong hộp có: Sạc, Tai nghe, Sách hướng dẫn, Cáp(USB Type-C), Cây lấy sim',1,'Bảo hành chính hãng: thân máy 12 tháng, pin 12 tháng, sạc 6 tháng, tai nghe 6 tháng. 1 đổi 1 trong 1 tháng với sản phẩm lỗi',12,7),(56,'HTC 10 evo',NULL,'{\"0\":\"Màn hình: 5.5\\\", QHD\",\"1\":\"HĐH: Android 7.0\",\"2\":\"CPU: Snapdragon 810 8 nhân\",\"3\":\"RAM: 3 GB, ROM: 32GB\",\"4\":\"Camera: 16 MP, Selfie: 8 MP\",\"5\":\"PIN: 3200mAh, SIM: 1 SIM\"}','Trong hộp có: Sạc, Tai nghe, Sách hướng dẫn, Cáp(USB Type-C), Cây lấy sim',1,'Bảo hành chính hãng: thân máy 12 tháng, pin 12 tháng, sạc 6 tháng, tai nghe 6 tháng. 1 đổi 1 trong 1 tháng với sản phẩm lỗi',12,7),(57,'HTC Desire 10 Pro',NULL,'{\"0\":\"Màn hình: 5.5\\\", Full HD\",\"1\":\"HĐH: Android 6.0 (Marshmallow)\",\"2\":\"CPU: MTK Helio P10 8 nhân\",\"3\":\"RAM: 4 GB, ROM: 64 GB\",\"4\":\"Camera: 20 MP, Selfie: 13 MP\",\"5\":\"PIN: 3000 mAh, SIM: 2 SIM\"}','Trong hộp có: Sạc, Tai nghe, Sách hướng dẫn, Cáp(USB Type-C), Cây lấy sim',1,'Bảo hành chính hãng: thân máy 12 tháng, pin 12 tháng, sạc 6 tháng, tai nghe 6 tháng. 1 đổi 1 trong 1 tháng với sản phẩm lỗi',12,7),(58,'HTC One ME',NULL,'{\"0\":\"Màn hình: 5.2\\\", Quad HD\",\"1\":\"HĐH: Android 5.0 (Lollipop)\",\"2\":\"CPU: Helio X10 8 nhân\",\"3\":\"RAM: 3 GB, ROM: 32 GB\",\"4\":\"Camera: 20 MP, Selfie: 4 Ultra pixel\",\"5\":\"PIN: 2840 mAh, SIM: 2 SIM\"}','Trong hộp có: Sạc, Tai nghe, Sách hướng dẫn, Cáp(USB Type-C), Cây lấy sim',1,'Bảo hành chính hãng: thân máy 12 tháng, pin 12 tháng, sạc 6 tháng, tai nghe 6 tháng. 1 đổi 1 trong 1 tháng với sản phẩm lỗi',12,7),(59,'HTC One A9s',NULL,'{\"0\":\"Màn hình: 5\\\", HD\",\"1\":\"HĐH: Android 6.0 (Marshmallow)\",\"2\":\"CPU: MTK Helio P10 8 nhân\",\"3\":\"RAM: 2GB, ROM: 16GB\",\"4\":\"Camera: 13 MP, Selfie: 5 MP\",\"5\":\"PIN: 2300 mAh, SIM: 1 SIM\"}','Trong hộp có: Sạc, Tai nghe, Sách hướng dẫn, Cáp(USB Type-C), Cây lấy sim',1,'Bảo hành chính hãng: thân máy 12 tháng, pin 12 tháng, sạc 6 tháng, tai nghe 6 tháng. 1 đổi 1 trong 1 tháng với sản phẩm lỗi',12,7),(60,'HTC One E9 Dual',NULL,'{\"0\":\"Màn hình: 5.5\\\", Full HD\",\"1\":\"HĐH: Android 5.0 (Lollipop)\",\"2\":\"CPU: Helio X10 8 nhân 64-bit\",\"3\":\"RAM: 2 GB, ROM: 16 GB\",\"4\":\"Camera: 13 MP, Selfie: 4 Ultra pixel\",\"5\":\"PIN: 2800 mAh, SIM: 2 SIM\"}','Trong hộp có: Sạc, Tai nghe, Sách hướng dẫn, Cáp(USB Type-C), Cây lấy sim',1,'Bảo hành chính hãng: thân máy 12 tháng, pin 12 tháng, sạc 6 tháng, tai nghe 6 tháng. 1 đổi 1 trong 1 tháng với sản phẩm lỗi',12,7),(61,'Xiaomi Mi A1',NULL,'{\"0\":\"Màn hình: 5.5\\\", Full HD\",\"1\":\"HĐH: Android 7.1\",\"2\":\"CPU: Qualcomm Snapdragon 625 8 nhân 64-bit\",\"3\":\"RAM: 4 GB, ROM: 64 GB\",\"4\":\"Camera: 2 camera 12 MP, Selfie: 5 MP\",\"5\":\"PIN: 3080 mAh\"}','Trong hộp có: Sạc, Tai nghe, Sách hướng dẫn, Cáp(USB Type-C), Cây lấy sim',1,'Bảo hành chính hãng: thân máy 12 tháng, pin 12 tháng, sạc 6 tháng, tai nghe 6 tháng. 1 đổi 1 trong 1 tháng với sản phẩm lỗi',12,8),(62,'Xiaomi Redmi Note 4',NULL,'{\"0\":\"Màn hình: 5.5\\\", Full HD\",\"1\":\"HĐH: Android 6.0 (Marshmallow)\",\"2\":\"CPU: Snapdragon 625 8 nhân\",\"3\":\"RAM: 3 GB, ROM: 32 GB\",\"4\":\"Camera: 13 MP, Selfie: 5 MP\",\"5\":\"PIN: 4100 mAh\"}','Trong hộp có: Sạc, Tai nghe, Sách hướng dẫn, Cáp(USB Type-C), Cây lấy sim',1,'Bảo hành chính hãng: thân máy 12 tháng, pin 12 tháng, sạc 6 tháng, tai nghe 6 tháng. 1 đổi 1 trong 1 tháng với sản phẩm lỗi',12,8),(63,'Xiaomi Redmi 4X',NULL,'{\"0\":\"Màn hình: 5\\\", HD\",\"1\":\"HĐH: Android 6.0 (Marshmallow)\",\"2\":\"CPU: Snapdragon 435 8 nhân\",\"3\":\"RAM: 3 GB, ROM: 32 GB\",\"4\":\"Camera: 13 MP, Selfie: 5 MP\",\"5\":\"PIN: 4100 mAh\"}','Trong hộp có: Sạc, Tai nghe, Sách hướng dẫn, Cáp(USB Type-C), Cây lấy sim',1,'Bảo hành chính hãng: thân máy 12 tháng, pin 12 tháng, sạc 6 tháng, tai nghe 6 tháng. 1 đổi 1 trong 1 tháng với sản phẩm lỗi',12,8),(64,'Xiaomi Redmi Note 5A (Redmi Y1 Lite)',NULL,'{\"0\":\"Màn hình: 5.5\\\", HD\",\"1\":\"HĐH: Android 7.0\",\"2\":\"CPU: Qualcomm Snapdragon 425 4 nhân 64-bit\",\"3\":\"RAM: 2 GB, ROM: 16 GB\",\"4\":\"Camera: 13 MP, Selfie: 5 MP\",\"5\":\"PIN: 3080 mAh\"}','Trong hộp có: Sạc, Tai nghe, Sách hướng dẫn, Cáp(USB Type-C), Cây lấy sim',1,'Bảo hành chính hãng: thân máy 12 tháng, pin 12 tháng, sạc 6 tháng, tai nghe 6 tháng. 1 đổi 1 trong 1 tháng với sản phẩm lỗi',12,8),(65,'Xiaomi Redmi 4a',NULL,'{\"0\":\"Màn hình: 5\\\", HD\",\"1\":\"HĐH: Android 6.0 (Marshmallow)\",\"2\":\"CPU: Qualcomm Snapdragon 425 4 nhân\",\"3\":\"RAM: 2 GB, ROM: 32 GB\",\"4\":\"Camera: 13 MP, Selfie: 5 MP\",\"5\":\"PIN: 3120 mAh\"}','Trong hộp có: Sạc, Tai nghe, Sách hướng dẫn, Cáp(USB Type-C), Cây lấy sim',1,'Bảo hành chính hãng: thân máy 12 tháng, pin 12 tháng, sạc 6 tháng, tai nghe 6 tháng. 1 đổi 1 trong 1 tháng với sản phẩm lỗi',12,8),(66,'Samsung Galaxy Book 10.6 inch',NULL,'{\"0\":\"Màn hình: 10.6\\\", TFT\",\"1\":\"CPU: Intel Core M3, Windows 10\",\"2\":\"RAM: 4 GB, Bộ nhớ: 128 GB\",\"3\":\"Camera: Không, Selfie 5 MP\",\"4\":\"Kết nối: Wifi\",\"5\":\"PIN: 30.4 Wh, SIM: Không\"}','Trong hộp có: Adapter, Sách hướng dẫn, Cáp chuyển, Hộp máy, Cây lấy sim',2,'Bảo hành chính hãng: thân máy 12 tháng, pin 12 tháng, sạc 6 tháng. 1 đổi 1 trong 1 tháng với sản phẩm lỗi',12,2),(67,'Samsung Galaxy Tab A 8.0 (2017)',NULL,'{\"0\":\"Màn hình: 8.0\\\", PLS\",\"1\":\"CPU: Snapdragon 425, Android 7.0\",\"2\":\"RAM: 2 GB, Bộ nhớ: 16 GB\",\"3\":\"Camera: 8 MP, Selfie 5 MP\",\"4\":\"Kết nối: 3G, 4G, nghe gọi\",\"5\":\"PIN: 5000 mAh, SIM: 1 SIM\"}','Trong hộp có: Adapter, Sách hướng dẫn, Cáp chuyển, Hộp máy, Cây lấy sim',2,'Bảo hành chính hãng: thân máy 12 tháng, pin 12 tháng, sạc 6 tháng. 1 đổi 1 trong 1 tháng với sản phẩm lỗi',12,2),(68,'Samsung Galaxy Tab E 9.6 (SM-T561)',NULL,'{\"0\":\"Màn hình: 9.6\\\", WXGA TFT\",\"1\":\"CPU: Spreadtrum, Android 4.4\",\"2\":\"RAM: 1.5 GB, Bộ nhớ: 8 GB\",\"3\":\"Camera: 5 MP, Selfie 2 MP\",\"4\":\"Kết nối: 3G, nghe gọi\",\"5\":\"PIN: 5000 mAh, SIM: 1 SIM\"}','Trong hộp có: Adapter, Sách hướng dẫn, Cáp chuyển, Hộp máy, Cây lấy sim',2,'Bảo hành chính hãng: thân máy 12 tháng, pin 12 tháng, sạc 6 tháng. 1 đổi 1 trong 1 tháng với sản phẩm lỗi',12,2),(69,'Samsung Galaxy Tab A6 7.0\"',NULL,'{\"0\":\"Màn hình: 7\\\", TFT\",\"1\":\"CPU: 4 nhân, Android 5.1\",\"2\":\"RAM: 1.5 GB, Bộ nhớ: 8 GB\",\"3\":\"Camera: 5 MP, Selfie 2 MP\",\"4\":\"Kết nối: 3G, 4G, nghe gọi\",\"5\":\"PIN: 4000 mAh, SIM: 1 SIM\"}','Trong hộp có: Adapter, Sách hướng dẫn, Cáp chuyển, Hộp máy, Cây lấy sim',2,'Bảo hành chính hãng: thân máy 12 tháng, pin 12 tháng, sạc 6 tháng. 1 đổi 1 trong 1 tháng với sản phẩm lỗi',12,2),(70,'iPad Pro 10.5 inch Wifi 64GB (2017)',NULL,'{\"0\":\"Màn hình: 10.5\\\", Retina\",\"1\":\"HDH: IOS 10, CPU: 6 nhân\",\"2\":\"RAM: 4 GB, ROM: 64 GB\",\"3\":\"Camera: 12 MP và 7 MP\",\"4\":\"Kết Nối: Wifi\",\"5\":\"Pin: 30.4 Wh\"}','Trong hộp có: Adapter, Sách hướng dẫn, Cáp Lightning, Cây lấy sim, Hộp máy',2,'Bảo hành chính hãng: thân máy 12 tháng, sạc 12 tháng. 1 đổi 1 trong 1 tháng với sản phẩm lỗi',12,1),(71,'iPad Wifi Cellular 128GB (2017)',NULL,'{\"0\":\"Màn hình: 9.7\\\", Retina\",\"1\":\"HDH: IOS 10, CPU: 2 nhân\",\"2\":\"RAM: 2 GB, ROM: 128 GB\",\"3\":\"Camera: 8 MP và 1.2 MP\",\"4\":\"Kết Nối: 3G, 4G\",\"5\":\"Pin: 32.4 Wh\"}','Trong hộp có: Adapter, Sách hướng dẫn, Cáp Lightning, Cây lấy sim, Hộp máy',2,'Bảo hành chính hãng: thân máy 12 tháng, sạc 12 tháng. 1 đổi 1 trong 1 tháng với sản phẩm lỗi',12,1),(72,'iPad Wifi Cellular 32GB (2017)',NULL,'{\"0\":\"Màn hình: 9.7\\\", Retina\",\"1\":\"HDH: IOS 10, CPU: 2 nhân\",\"2\":\"RAM: 2 GB, ROM: 32 GB\",\"3\":\"Camera: 8 MP và 1.2 MP\",\"4\":\"Kết Nối: 3G, 4G\",\"5\":\"Pin: 32.4 Wh\"}','Trong hộp có: Adapter, Sách hướng dẫn, Cáp Lightning, Cây lấy sim, Hộp máy',2,'Bảo hành chính hãng: thân máy 12 tháng, sạc 12 tháng. 1 đổi 1 trong 1 tháng với sản phẩm lỗi',12,1),(73,'iPad Pro 9.7 inch Wifi 32GB',NULL,'{\"0\":\"Màn hình: 9.7\\\", Retina\",\"1\":\"HDH: IOS 10, CPU: 2 nhân\",\"2\":\"RAM: 2 GB, ROM: 32 GB\",\"3\":\"Camera: 12 MP và 5 MP\",\"4\":\"Kết Nối: WiFi\",\"5\":\"Pin: 27.5 Wh\"}','Trong hộp có: Adapter, Sách hướng dẫn, Cáp Lightning, Cây lấy sim, Hộp máy',2,'Bảo hành chính hãng: thân máy 12 tháng, sạc 12 tháng. 1 đổi 1 trong 1 tháng với sản phẩm lỗi',12,1),(74,'iPad Mini 4 Wifi 128GB',NULL,'{\"0\":\"Màn hình: 7.9\\\", LED backlit LCD\",\"1\":\"CPU: Apple A8, iOS 10\",\"2\":\"RAM: 2 GB, Bộ nhớ: 128 GB\",\"3\":\"Camera: 8 MP, Selfie 1.2 MP\",\"4\":\"Kết nối: Wifi\",\"5\":\"PIN: 19.1 Wh, SIM: Không\"}','Trong hộp có: Adapter, Sách hướng dẫn, Cáp Lightning, Cây lấy sim, Hộp máy',2,'Bảo hành chính hãng: thân máy 12 tháng, sạc 12 tháng. 1 đổi 1 trong 1 tháng với sản phẩm lỗi',12,1),(75,'iPad Wifi 128GB (2017)',NULL,'{\"0\":\"Màn hình: 9.7\\\", Retina\",\"1\":\"HDH: IOS 10, CPU: 2 nhân\",\"2\":\"RAM: 2 GB, ROM: 128 GB\",\"3\":\"Camera: 8 MP và 1.2 MP\",\"4\":\"Kết Nối: Wifi\",\"5\":\"Pin: 32.4 Wh\"}','Trong hộp có: Adapter, Sách hướng dẫn, Cáp Lightning, Cây lấy sim, Hộp máy',2,'Bảo hành chính hãng: thân máy 12 tháng, sạc 12 tháng. 1 đổi 1 trong 1 tháng với sản phẩm lỗi',12,1),(76,'iPad Wifi 32GB (2017)',NULL,'{\"0\":\"Màn hình: 9.7\\\", Retina\",\"1\":\"HDH: IOS 10, CPU: 2 nhân\",\"2\":\"RAM: 2 GB, ROM: 32 GB\",\"3\":\"Camera: 8 MP và 1.2 MP\",\"4\":\"Kết Nối: Wifi\",\"5\":\"Pin: 32.4 Wh\"}','Trong hộp có: Adapter, Sách hướng dẫn, Cáp Lightning, Cây lấy sim, Hộp máy',2,'Bảo hành chính hãng: thân máy 12 tháng, sạc 12 tháng. 1 đổi 1 trong 1 tháng với sản phẩm lỗi',12,1),(77,'Asus Zenfone Go ZB690KG',NULL,'{\"0\":\"Màn hình: 6.9\\\", IPS LCD\",\"1\":\"CPU: Snapdragon 200, Android 5.1\",\"2\":\"RAM: 1 GB, Bộ nhớ: 8 GB\",\"3\":\"Camera: 8 MP, Selfie 2 MP\",\"4\":\"Kết nối: 3G, nghe gọi\",\"5\":\"PIN: 3480 mAh, SIM: 2 SIM\"}','Trong hộp có: Adapter, Sách hướng dẫn, Cáp Lightning, Cây lấy sim, Hộp máy',2,'Bảo hành chính hãng: thân máy 12 tháng, sạc 12 tháng. 1 đổi 1 trong 1 tháng với sản phẩm lỗi',12,5),(78,'Lenovo Phab 2',NULL,'{\"0\":\"Màn hình: 6.4\\\", IPS LCD\",\"1\":\"HDH: Android 6.0, CPU: 4 nhân\",\"2\":\"RAM: 3 GB, ROM: 32 GB\",\"3\":\"Camera: 13 MP và 5 MP\",\"4\":\"Kết Nối: 3G, 4G, nghe gọi\",\"5\":\"Pin: 4050 mAh, SIM: 2 SIM\"}','Trong hộp có: Adapter, Sách hướng dẫn, Cáp Micro USB, Hộp máy',2,'Bảo hành chính hãng: thân máy 12 tháng, pin 6 tháng, sạc 6 tháng. 1 đổi 1 trong 1 tháng với sản phẩm lỗi',12,9),(79,'Lenovo Tab 3 8\"',NULL,'{\"0\":\"Màn hình: 8\\\", IPS LCD\",\"1\":\"CPU: MT 8735, Android 6.0\",\"2\":\"RAM: 2 GB, Bộ nhớ: 16 GB\",\"3\":\"Camera: 5 MP, Selfie 2 MP\",\"4\":\"Kết nối: 3G, 4G, nghe gọi\",\"5\":\"PIN: 4290 mAh, SIM: 2 SIM\"}','Trong hộp có: Adapter, Sách hướng dẫn, Cáp Micro USB, Hộp máy',2,'Bảo hành chính hãng: thân máy 12 tháng, pin 6 tháng, sạc 6 tháng. 1 đổi 1 trong 1 tháng với sản phẩm lỗi',12,9),(80,'Lenovo Tab 3 Essential 16GB',NULL,'{\"0\":\"Màn hình: 7\\\", IPS LCD\",\"1\":\"CPU: CPU 4 nhân, Android 5.1\",\"2\":\"RAM: 1 GB, Bộ nhớ: 16 GB\",\"3\":\"Camera: 2 MP, Selfie 0.3 MP\",\"4\":\"Kết nối: 3G, nghe gọi\",\"5\":\"PIN: 3450 mAh, SIM: 1 SIM\"}','Trong hộp có: Adapter, Sách hướng dẫn, Cáp Micro USB, Hộp máy',2,'Bảo hành chính hãng: thân máy 12 tháng, pin 6 tháng, sạc 6 tháng. 1 đổi 1 trong 1 tháng với sản phẩm lỗi',12,9),(81,'Dell Inspiron 3467 i3 7100U (M20NR21)',NULL,'{\"0\":\"Màn hình: 14\\u201D, 1366x768\",\"1\":\"CPU: Intel Core i3, 2.4GHz\",\"2\":\"RAM: 4GB\\/ HDD: 1TB\",\"3\":\"VGA: Intel HD Graphic 620\",\"4\":\"HĐH: Windows 10 Home\",\"5\":\"Pin: 4 cell\\/ DVD: Có\"}','Trong hộp có: Dây nguồn, Sách hướng dẫn, Thùng máy, Adapter sạc',2,'Bảo hành chính hãng: thân máy 12 tháng, pin 12 tháng, sạc 12 tháng. 1 đổi 1 trong 1 tháng với sản phẩm lỗi',12,10),(82,'Dell Inspiron 3567 i3 6006U (P63F002)',NULL,'{\"0\":\"Màn hình: 15.6\\u201D, 1366x768\",\"1\":\"CPU: Intel Core i3, 2.0GHz\",\"2\":\"RAM: 4GB\\/ HDD: 1TB\",\"3\":\"VGA: Intel HD Graphic 520\",\"4\":\"HĐH: Windows 10 Home\",\"5\":\"Pin: 4 cell\\/ DVD: Có\"}','Trong hộp có: Dây nguồn, Sách hướng dẫn, Thùng máy, Adapter sạc',2,'Bảo hành chính hãng: thân máy 12 tháng, pin 12 tháng, sạc 12 tháng. 1 đổi 1 trong 1 tháng với sản phẩm lỗi',12,10),(83,'Dell Vostro 3468 i3 7100U',NULL,'{\"0\":\"Màn hình: 14\\u201D, 1366x768\",\"1\":\"CPU: Intel Core i3, 2.4GHz\",\"2\":\"RAM: 4GB\\/ HDD: 1TB\",\"3\":\"VGA: Intel® HD Graphics 620\",\"4\":\"HĐH: Windows 10 Home\",\"5\":\"Pin: 4 cell\\/ DVD: Có\"}','Trong hộp có: Dây nguồn, Sách hướng dẫn, Thùng máy, Adapter sạc',2,'Bảo hành chính hãng: thân máy 12 tháng, pin 12 tháng, sạc 12 tháng. 1 đổi 1 trong 1 tháng với sản phẩm lỗi',12,10),(84,'Dell Inspiron 3567 i3 6006U (C5I3120W)',NULL,'{\"0\":\"Màn hình: 15.6\\u201D, 1366x768\",\"1\":\"CPU: Intel Core i3, 2.0GHz\",\"2\":\"RAM: 4GB\\/ HDD: 1TB\",\"3\":\"VGA: AMD R5 M430, 2GB\",\"4\":\"HĐH: Windows 10 Home\",\"5\":\"Pin: 4 cell\\/ DVD: Có\"}','Trong hộp có: Dây nguồn, Sách hướng dẫn, Thùng máy, Adapter sạc',2,'Bảo hành chính hãng: thân máy 12 tháng, pin 12 tháng, sạc 12 tháng. 1 đổi 1 trong 1 tháng với sản phẩm lỗi',12,10),(85,'Dell Vostro 3568 i3 7100U (VTI3037W)',NULL,'{\"0\":\"Màn hình: 15.6\\u201D, 1366x768\",\"1\":\"CPU: Intel Core i3, 2.4GHz\",\"2\":\"RAM: 4GB\\/ HDD: 1TB\",\"3\":\"VGA: Intel® HD Graphics 620\",\"4\":\"HĐH: Windows 10 Home\",\"5\":\"Pin: 4 cell\\/ DVD: Có\"}','Trong hộp có: Dây nguồn, Sách hướng dẫn, Thùng máy, Adapter sạc',2,'Bảo hành chính hãng: thân máy 12 tháng, pin 12 tháng, sạc 12 tháng. 1 đổi 1 trong 1 tháng với sản phẩm lỗi',12,10),(86,'Dell Vostro 3468 i5 7200U',NULL,'{\"0\":\"Màn hình: 14\\u201D, 1366x768\",\"1\":\"CPU: Intel Core i5, 2.5GHz\",\"2\":\"RAM: 4GB\\/ HDD: 1TB\",\"3\":\"VGA: Intel® HD Graphics 620\",\"4\":\"HĐH: Windows 10 Home\",\"5\":\"Pin: 4 cell\\/ DVD: Có\"}','Trong hộp có: Dây nguồn, Sách hướng dẫn, Thùng máy, Adapter sạc',2,'Bảo hành chính hãng: thân máy 12 tháng, pin 12 tháng, sạc 12 tháng. 1 đổi 1 trong 1 tháng với sản phẩm lỗi',12,10),(87,'Dell Vostro 3568 i5 7200U (XF6C611)',NULL,'{\"0\":\"Màn hình: 15.6\\u201D, 1366x768\",\"1\":\"CPU: Intel Core i5, 2.5GHz\",\"2\":\"RAM: 4GB\\/ HDD: 1TB\",\"3\":\"VGA: Intel® HD Graphics 620\",\"4\":\"HĐH: Windows 10 Home\",\"5\":\"Pin: 4 cell\\/ DVD: Có\"}','Trong hộp có: Dây nguồn, Sách hướng dẫn, Thùng máy, Adapter sạc',2,'Bảo hành chính hãng: thân máy 12 tháng, pin 12 tháng, sạc 12 tháng. 1 đổi 1 trong 1 tháng với sản phẩm lỗi',12,10),(88,'Dell Vostro 3568 i5 7200U (P63F002)',NULL,'{\"0\":\"Màn hình: 15.6\\u201D, 1366x768\",\"1\":\"CPU: Intel Core i5, 2.5GHz\",\"2\":\"RAM: 4GB\\/ HDD: 1TB\",\"3\":\"VGA: AMD R5 M420, 2GB\",\"4\":\"HĐH: Windows 10 Home\",\"5\":\"Pin: 4 cell\\/ DVD: Có\"}','Trong hộp có: Dây nguồn, Sách hướng dẫn, Thùng máy, Adapter sạc',2,'Bảo hành chính hãng: thân máy 12 tháng, pin 12 tháng, sạc 12 tháng. 1 đổi 1 trong 1 tháng với sản phẩm lỗi',12,10),(89,'Dell Inspiron 5468 i5 7200U (K5CDP11)',NULL,'{\"0\":\"Màn hình: 14 inch, HD\",\"1\":\"CPU: Core i5 Kabylake, 2.5GHz\",\"2\":\"RAM: 4GB, Ổ cứng HDD: 500GB\",\"3\":\"Đồ họa: AMD R7 M440, 2GB\",\"4\":\"HĐH: Windows 10, DVD: Có\",\"5\":\"Nặng 2 kg, PIN 4 cell\"}','Trong hộp có: Dây nguồn, Sách hướng dẫn, Thùng máy, Adapter sạc',2,'Bảo hành chính hãng: thân máy 12 tháng, pin 12 tháng, sạc 12 tháng. 1 đổi 1 trong 1 tháng với sản phẩm lỗi',12,10),(90,'Dell Inspiron 5567 i5 7200U (M5I5384W)',NULL,'{\"0\":\"Màn hình: 15.6 inch, FHD\",\"1\":\"CPU: Core i5 Kabylake, 2.5GHz\",\"2\":\"RAM: 4GB, Ổ cứng HDD: 1TB\",\"3\":\"Đồ họa: AMD R7 M445, 2GB\",\"4\":\"HĐH: Windows 10, DVD: Có\",\"5\":\"Nặng 2.32 kg, PIN 3 cell\"}','Trong hộp có: Dây nguồn, Sách hướng dẫn, Thùng máy, Adapter sạc',2,'Bảo hành chính hãng: thân máy 12 tháng, pin 12 tháng, sạc 12 tháng. 1 đổi 1 trong 1 tháng với sản phẩm lỗi',12,10),(91,'Asus E402NA N3350 (GA002T)',NULL,'{\"0\":\"Màn hình: 14\\u201D, 1366x768\",\"1\":\"CPU: Intel Celeron, 1.1GHz\",\"2\":\"RAM: 2GB\\/ HDD: 500GB\",\"3\":\"VGA: Intel HD Graphics\",\"4\":\"HĐH: Windows 10 Home\",\"5\":\"Pin: 2 cell\\/ DVD: Không\"}','Trong hộp có: Sách hướng dẫn, Thùng máy, Adapter sạc',2,'Bảo hành chính hãng: thân máy 24 tháng, pin 12 tháng, sạc 12 tháng. 1 đổi 1 trong 1 tháng với sản phẩm lỗi',12,11),(92,'Asus X441NA N3350 (GA017T)',NULL,'{\"0\":\"Màn hình: 14 inch, HD\",\"1\":\"CPU: Celeron N3350, 1.10 GHz\",\"2\":\"RAM: 4 GB, Ổ cứng HDD: 500 GB\",\"3\":\"Đồ họa: Intel HD Graphics\",\"4\":\"HĐH: Windows 10, DVD: Không\",\"5\":\"Nặng 1.7 kg, PIN 3 cell\"}','Trong hộp có: Sách hướng dẫn, Thùng máy, Adapter sạc',2,'Bảo hành chính hãng: thân máy 24 tháng, pin 12 tháng, sạc 12 tháng. 1 đổi 1 trong 1 tháng với sản phẩm lỗi',12,11),(93,'Asus X441NA N4200 (GA070T)',NULL,'{\"0\":\"Màn hình: 14 inch, HD\",\"1\":\"CPU: Pentium, 1.1 GHz\",\"2\":\"RAM: 4 GB, Ổ cứng HDD: 500 GB\",\"3\":\"Đồ họa: Intel® HD Graphics\",\"4\":\"HĐH: Windows 10, DVD: Không\",\"5\":\"Nặng 1.7 kg, PIN 3 cell\"}','Trong hộp có: Sách hướng dẫn, Thùng máy, Adapter sạc',2,'Bảo hành chính hãng: thân máy 24 tháng, pin 12 tháng, sạc 12 tháng. 1 đổi 1 trong 1 tháng với sản phẩm lỗi',12,11),(94,'Asus A441UA i3 6006U (WX156T)',NULL,'{\"0\":\"Màn hình: 14 inch, HD\",\"1\":\"CPU: Core i3 Skylake, 2.00 GHz\",\"2\":\"RAM: 4 GB, Ổ cứng HDD: 500 GB\",\"3\":\"Đồ họa: Intel® HD Graphics 520\",\"4\":\"HĐH: Windows 10, Không DVD\",\"5\":\"Nặng 1.75 kg, PIN 3 cell\"}','Trong hộp có: Sách hướng dẫn, Thùng máy, Adapter sạc',2,'Bảo hành chính hãng: thân máy 24 tháng, pin 12 tháng, sạc 12 tháng. 1 đổi 1 trong 1 tháng với sản phẩm lỗi',12,11),(95,'Asus X541UA i3 6100U (XX272T)',NULL,'{\"0\":\"Màn hình: 15.6 inch, HD\",\"1\":\"CPU: i3-6100U, 2.3 GHz\",\"2\":\"RAM: 4GB, Ổ cứng HDD: 1TB\",\"3\":\"Đồ họa: Intel HD Graphics 520\",\"4\":\"HĐH: Windows 10, Có DVD\"}','Trong hộp có: Sách hướng dẫn, Thùng máy, Adapter sạc',2,'Bảo hành chính hãng: thân máy 24 tháng, pin 12 tháng, sạc 12 tháng. 1 đổi 1 trong 1 tháng với sản phẩm lỗi',12,11),(96,'Asus TP203NAH N4200 (BP052T)',NULL,'{\"0\":\"Màn hình: 11.6 inch, HD\",\"1\":\"CPU: Pentium, 1.1GHz\",\"2\":\"RAM: 4GB, Ổ cứng HDD: 500GB\",\"3\":\"Đồ họa: Intel® HD Graphics\",\"4\":\"HĐH: Windows 10, DVD: Không\",\"5\":\"Nặng 1.1 kg, PIN 2 cell\"}','Trong hộp có: Sách hướng dẫn, Thùng máy, Adapter sạc',2,'Bảo hành chính hãng: thân máy 24 tháng, pin 12 tháng, sạc 12 tháng. 1 đổi 1 trong 1 tháng với sản phẩm lỗi',12,11),(97,'Asus A541UA i3 7100U (DM1658T)',NULL,'{\"0\":\"Màn hình: 15.6 inch, FHD\",\"1\":\"CPU: Core i3 Kabylake, 2.4GHz\",\"2\":\"RAM: 4GB, Ổ cứng HDD: 500GB\",\"3\":\"Đồ họa: Intel HD Graphics 620\",\"4\":\"HĐH: Windows 10, DVD: Không\",\"5\":\"Nặng 2 kg, PIN 3 cell\"}','Trong hộp có: Sách hướng dẫn, Thùng máy, Adapter sạc',2,'Bảo hành chính hãng: thân máy 24 tháng, pin 12 tháng, sạc 12 tháng. 1 đổi 1 trong 1 tháng với sản phẩm lỗi',12,11),(98,'Asus A441UV i3 6100U (WX039T)',NULL,'{\"0\":\"Màn hình: 14\\u201D, 1366x768\",\"1\":\"CPU: Intel Core i3, 2.3GHz\",\"2\":\"RAM: 4GB\\/ HDD: 500GB\",\"3\":\"VGA: NVIDIA 920MX, 2GB\",\"4\":\"HĐH: Windows 10 Home\",\"5\":\"Pin: 2 cell\\/ DVD: Có\"}','Trong hộp có: Sách hướng dẫn, Thùng máy, Adapter sạc',2,'Bảo hành chính hãng: thân máy 24 tháng, pin 12 tháng, sạc 12 tháng. 1 đổi 1 trong 1 tháng với sản phẩm lỗi',12,11),(99,'Asus X405UA i3 7100U (BV330T)',NULL,'{\"0\":\"Màn hình: 14 inch, HD\",\"1\":\"CPU: Core i3 Kabylake, 2.3 GHz\",\"2\":\"RAM: 4 GB, Ổ cứng HDD: 1TB\",\"3\":\"Đồ họa: Intel HD Graphics 620\",\"4\":\"HĐH: Windows 10, Không DVD\",\"5\":\"Nặng 1.3 kg, PIN 3 cell\"}','Trong hộp có: Sách hướng dẫn, Thùng máy, Adapter sạc',2,'Bảo hành chính hãng: thân máy 24 tháng, pin 12 tháng, sạc 12 tháng. 1 đổi 1 trong 1 tháng với sản phẩm lỗi',12,11),(100,'Asus A540UP i3 7100U (DM094T)',NULL,'{\"0\":\"Màn hình: 15.6 inch, FHD\",\"1\":\"CPU: Core i3 Kabylake, 2.4GHz\",\"2\":\"RAM: 4GB, Ổ cứng HDD: 500GB\",\"3\":\"Đồ họa: AMD R5 M420, 2GB\",\"4\":\"HĐH: Windows 10, DVD: Không\",\"5\":\"Nặng 1.9 kg, PIN 3 cell\"}','Trong hộp có: Sách hướng dẫn, Thùng máy, Adapter sạc',2,'Bảo hành chính hãng: thân máy 24 tháng, pin 12 tháng, sạc 12 tháng. 1 đổi 1 trong 1 tháng với sản phẩm lỗi',12,11),(101,'Apple Macbook Air MQD32SA/A i5 1.8GHz (2017)',NULL,'{\"0\":\"Màn hình: 13.3\\u201D, 1440x900\",\"1\":\"CPU: Intel Core i5, 1.8GHz\",\"2\":\"RAM: 8GB\\/ SSD: 128GB\",\"3\":\"VGA: Intel HD Graphics 6000\",\"4\":\"HĐH: MAC OS X\",\"5\":\"Pin: Khoảng 12 tiếng\\/ DVD: Không\"}','Trong hộp có: Dây nguồn, Sách hướng dẫn, Thùng máy, Adapter sạc(+ cóc sạc)',2,'Bảo hành chính hãng: thân máy 12 tháng, pin 12 tháng, sạc 12 tháng. 1 đổi 1 trong 1 tháng với sản phẩm lỗi',12,12),(102,'Apple Macbook Air MMGF2ZP/A i5 1.6GHz (2015)',NULL,'{\"0\":\"Màn hình: 13.3\\u201D, 1440x900\",\"1\":\"CPU: Intel Core i5, 1.6GHz\",\"2\":\"RAM: 8GB\\/ SSD: 128GB\",\"3\":\"VGA: Intel HD Graphics 6000\",\"4\":\"HĐH: MAC OS\",\"5\":\"Pin: Khoảng 12 tiếng\\/ DVD: Không\"}','Trong hộp có: Dây nguồn, Sách hướng dẫn, Thùng máy, Adapter sạc(+ cóc sạc)',2,'Bảo hành chính hãng: thân máy 12 tháng, pin 12 tháng, sạc 12 tháng. 1 đổi 1 trong 1 tháng với sản phẩm lỗi',12,12),(103,'Apple Macbook Air MQD42SA/A i5 1.8GHz (2017)',NULL,'{\"0\":\"Màn hình: 13.3\\u201D, 1440x900\",\"1\":\"CPU: Intel Core i5, 1.8GHz\",\"2\":\"RAM: 8GB\\/ SSD: 256GB\",\"3\":\"VGA: Intel HD Graphics 6000\",\"4\":\"HĐH: MAC OS X\",\"5\":\"Pin: Khoảng 12 tiếng\\/ DVD: Không\"}','Trong hộp có: Dây nguồn, Sách hướng dẫn, Thùng máy, Adapter sạc(+ cóc sạc)',2,'Bảo hành chính hãng: thân máy 12 tháng, pin 12 tháng, sạc 12 tháng. 1 đổi 1 trong 1 tháng với sản phẩm lỗi',12,12),(104,'Apple Macbook Air MMGG2ZP/A i5 1.6GHz (2015)',NULL,'{\"0\":\"Màn hình: 13.3\\u201D, 1440x900\",\"1\":\"CPU: Intel Core i5, 1.6GHz\",\"2\":\"RAM: 8GB\\/ SSD: 256GB\",\"3\":\"VGA: Intel HD Graphics 6000\",\"4\":\"HĐH: MAC OS X\",\"5\":\"Pin: Khoảng 12 tiếng\\/ DVD: Không\"}','Trong hộp có: Dây nguồn, Sách hướng dẫn, Thùng máy, Adapter sạc(+ cóc sạc)',2,'Bảo hành chính hãng: thân máy 12 tháng, pin 12 tháng, sạc 12 tháng. 1 đổi 1 trong 1 tháng với sản phẩm lỗi',12,12),(105,'Apple Macbook Pro MPXR2SA/A i5 2.3GHz (2017)',NULL,'{\"0\":\"Màn hình: 13.3\\u201D, 2560x1600\",\"1\":\"CPU: Intel Core i5, 2.3GHz\",\"2\":\"RAM: 8GB\\/ SSD: 128GB\",\"3\":\"VGA: Intel Iris Plus Graphics 640\",\"4\":\"HĐH: MAC OS\",\"5\":\"Pin: 10 tiếng\\/ DVD: Không\"}','Trong hộp có: Dây nguồn, Sách hướng dẫn, Thùng máy, Adapter sạc(+ cóc sạc)',2,'Bảo hành chính hãng: thân máy 12 tháng, pin 12 tháng, sạc 12 tháng. 1 đổi 1 trong 1 tháng với sản phẩm lỗi',12,12),(106,'Apple Macbook 12\" MMGM2 Core M 1.2GHz (2016)',NULL,'{\"0\":\"Màn hình: 12\\u201D, 2304x1440\",\"1\":\"CPU: Intel Core M, 1.2GHz\",\"2\":\"RAM: 8GB\\/ SSD: 512GB\",\"3\":\"VGA: Intel HD Graphics 515\",\"4\":\"HĐH: MAC OS X\",\"5\":\"Pin: 10 tiếng\\/ DVD: Không\"}','Trong hộp có: Dây nguồn, Sách hướng dẫn, Thùng máy, Adapter sạc(+ cóc sạc)',2,'Bảo hành chính hãng: thân máy 12 tháng, pin 12 tháng, sạc 12 tháng. 1 đổi 1 trong 1 tháng với sản phẩm lỗi',12,12),(107,'Apple Macbook 12\" MLHF2 Core M 1.2GHz (2016)',NULL,'{\"0\":\"Màn hình: 12\\u201D, 2304x1440\",\"1\":\"CPU: Intel Core M, 1.2GHz\",\"2\":\"RAM: 8GB\\/ SSD: 512GB\",\"3\":\"VGA: Intel HD Graphics 515\",\"4\":\"HĐH: MAC OS X\",\"5\":\"Pin: 10 tiếng\\/ DVD: Không\"}','Trong hộp có: Dây nguồn, Sách hướng dẫn, Thùng máy, Adapter sạc(+ cóc sạc)',2,'Bảo hành chính hãng: thân máy 12 tháng, pin 12 tháng, sạc 12 tháng. 1 đổi 1 trong 1 tháng với sản phẩm lỗi',12,12),(108,'Apple Macbook 12\" MLH82 Core M 1.2GHz (2016)',NULL,'{\"0\":\"Màn hình: 12\\u201D, 2304x1440\",\"1\":\"CPU: Intel Core M, 1.2GHz\",\"2\":\"RAM: 8GB\\/ SSD: 512GB\",\"3\":\"VGA: Intel HD Graphics 515\",\"4\":\"HĐH: MAC OS X\",\"5\":\"Pin: 10 tiếng\\/ DVD: Không\"}','Trong hộp có: Dây nguồn, Sách hướng dẫn, Thùng máy, Adapter sạc(+ cóc sạc)',2,'Bảo hành chính hãng: thân máy 12 tháng, pin 12 tháng, sạc 12 tháng. 1 đổi 1 trong 1 tháng với sản phẩm lỗi',12,12),(109,'Apple Macbook Pro MPXT2SA/A i5 2.3GHz (2017)',NULL,'{\"0\":\"Màn hình: 13.3\\u201D, 2560x1600\",\"1\":\"CPU: Intel Core i5, 2.3GHz\",\"2\":\"RAM: 8GB\\/ SSD: 256GB\",\"3\":\"VGA: Intel Iris Plus Graphics 640\",\"4\":\"HĐH: MAC OS Sierra\",\"5\":\"Pin: 10 tiếng\\/ DVD: Không\"}','Trong hộp có: Dây nguồn, Sách hướng dẫn, Thùng máy, Adapter sạc(+ cóc sạc)',2,'Bảo hành chính hãng: thân máy 12 tháng, pin 12 tháng, sạc 12 tháng. 1 đổi 1 trong 1 tháng với sản phẩm lỗi',12,12),(110,'Lenovo IdeaPad 120S 11IAP N3350 (81A40072VN)',NULL,'{\"0\":\"Màn hình: 11.6 inch, HD\",\"1\":\"CPU: Celeron, 1.1GHz\",\"2\":\"RAM: 2GB, Ổ cứng eMMC: 32GB\",\"3\":\"Đồ họa: Intel® HD Graphics\",\"4\":\"HĐH: Windows 10, DVD: Không\",\"5\":\"Nặng 1.27 kg, PIN 2 cell\"}','Trong hộp có: Sách hướng dẫn, Thùng máy, Adapter sạc',2,'Bảo hành chính hãng: thân máy 12 tháng, pin 12 tháng, sạc 12 tháng. 1 đổi 1 trong 1 tháng với sản phẩm lỗi',12,9),(111,'Lenovo IdeaPad 110 15IBR N3710 (80T700BKVN)',NULL,'{\"0\":\"Màn hình: 15.6\\u201D, 1366x768\",\"1\":\"CPU: Intel Pentium, 1.6GHz\",\"2\":\"RAM: 4GB\\/ HDD: 500GB\",\"3\":\"VGA: Intel HD Graphics\",\"4\":\"HĐH: Windows 10 Home\",\"5\":\"Pin: 3 cell\\/ DVD: Không\"}','Trong hộp có: Sách hướng dẫn, Thùng máy, Adapter sạc',2,'Bảo hành chính hãng: thân máy 12 tháng, pin 12 tháng, sạc 12 tháng. 1 đổi 1 trong 1 tháng với sản phẩm lỗi',12,9),(112,'Smart TV SONY 43\"','(KD-43X7500E)','{\"0\":\"Android Tivi, 43 inch\",\"1\":\"Độ phân giải: Ultra HD 4K\",\"2\":\"Kết nối: HDMI 3, USB 3\",\"3\":\"Điều khiển tivi bằng điện thoại\",\"4\":\"Chuyển động rõ nét: MXR 200 Hz\"}','Thùng tivi có: Sách hướng dẫn, Remote, Chân đế',4,'Bảo hành chính hãng tivi 2 năm, remote 1 năm, adapter 2 năm',24,4),(113,'Internet TV SONY 48\"','(KDL-48W650D)','{\"0\":\"Internet Tivi, 48 inch\",\"1\":\"Độ phân giải: Full HD\",\"2\":\"Kết nối: Wifi, HDMI, USB\",\"3\":\"Chia sẻ hình ảnh từ điện thoại\",\"4\":\"Tần số quét: 200 Hz\"}','Thùng tivi có: Sách hướng dẫn, Remote, Chân đế',4,'Bảo hành chính hãng tivi 2 năm, remote 1 năm, adapter 2 năm',24,4),(114,'Internet TV SONY 40\"','(KDL-40W660E)','{\"0\":\"Internet Tivi, 40 inch\",\"1\":\"Độ phân giải: Full HD, HDR\",\"2\":\"Kết nối: 2 HDMI, 2 USB\",\"3\":\"Điều khiển tivi bằng điện thoại\",\"4\":\"Chuyển động rõ nét: MXR 200 Hz\"}','Thùng tivi có: Sách hướng dẫn, Remote, Chân đế',4,'Bảo hành chính hãng tivi 2 năm, remote 1 năm, adapter 2 năm',24,4),(115,'Internet TV SONY 43\"','(KDL-43W750E)','{\"0\":\"Internet Tivi, 43 inch\",\"1\":\"Độ phân giải: Full HD\",\"2\":\"Kết nối: HDMI 2 cổng, USB 2 cổng\",\"3\":\"Tổng công suất loa: 10 W\",\"4\":\"Chuyển động rõ nét: Motionflow™ XR 200\"}','Thùng tivi có: Sách hướng dẫn, Remote, Chân đế',4,'Bảo hành chính hãng tivi 2 năm, remote 1 năm, adapter 2 năm',24,4),(116,'Internet TV SONY 40\"','(KDL-40W650D)','{\"0\":\"Internet Tivi, 40 inch\",\"1\":\"Độ phân giải: Full HD\",\"2\":\"Kết nối: Wifi, HDMI, USB\",\"3\":\"Chia sẻ hình ảnh từ điện thoại\",\"4\":\"Tổng công suất loa: 10 W\"}','Thùng tivi có: Sách hướng dẫn, Remote, Chân đế',4,'Bảo hành chính hãng tivi 2 năm, remote 1 năm, adapter 2 năm',24,4),(117,'Smart TV SONY 49\"','(KD-49X8000E)','{\"0\":\"Android Tivi, 49 inch\",\"1\":\"Độ phân giải: Ultra HD 4K\",\"2\":\"Kết nối: 4 HDMI, 3 USB\",\"3\":\"Điều khiển tivi bằng điện thoại\",\"4\":\"Chuyển động rõ nét: MXR 200 Hz\"}','Thùng tivi có: Sách hướng dẫn, Remote, Chân đế',4,'Bảo hành chính hãng tivi 2 năm, remote 1 năm, adapter 2 năm',24,4),(118,'Internet TV SONY 32\"','(KDL-32W600D)','{\"0\":\"Internet Tivi, 32 inch\",\"1\":\"Độ phân giải: HD\",\"2\":\"Kết nối: Wifi, HDMI, USB\",\"3\":\"Chia sẻ hình ảnh từ điện thoại\",\"4\":\"Tần số quét: 200 Hz\"}','Thùng tivi có: Sách hướng dẫn, Remote, Chân đế',4,'Bảo hành chính hãng tivi 2 năm, remote 1 năm, adapter 2 năm',24,4),(119,'Smart TV SONY 43\"','(KD-43X8000E)','{\"0\":\"Android Tivi, 43 inch\",\"1\":\"Độ phân giải: Ultra HD 4K\",\"2\":\"Kết nối: HDMI 4, USB 3\",\"3\":\"Tổng công suất loa: 20 W\",\"4\":\"Chuyển động rõ nét: Motionflow™ XR 200 Hz\"}','Thùng tivi có: Sách hướng dẫn, Remote, Chân đế',4,'Bảo hành chính hãng tivi 2 năm, remote 1 năm, adapter 2 năm',24,4),(120,'Smart TV SONY 49\"','(KD-49X7500E)','{\"0\":\"Android Tivi, 49 inch\",\"1\":\"Độ phân giải: Ultra HD 4K\",\"2\":\"Kết nối: HDMI 3, USB 3\",\"3\":\"Điều khiển tivi bằng điện thoại\",\"4\":\"Chuyển động rõ nét: MXR 200 Hz\"}','Thùng tivi có: Sách hướng dẫn, Remote, Chân đế',4,'Bảo hành chính hãng tivi 2 năm, remote 1 năm, adapter 2 năm',24,4),(121,'Internet TV SONY 55\"','(KD-55X7000E)','{\"0\":\"Internet Tivi, 55 inch\",\"1\":\"Độ phân giải: Ultra HD 4K\",\"2\":\"Kết nối: HDMI 3 cổng, USB 3 cổng\",\"3\":\"Tổng công suất loa: 20 W\",\"4\":\"Chuyển động rõ nét: MXR 200 Hz\"}','Thùng tivi có: Sách hướng dẫn, Remote, Chân đế',4,'Bảo hành chính hãng tivi 2 năm, remote 1 năm, adapter 2 năm',24,4),(122,'Smart TV SAMSUNG 32\"','(UA32J4303D)','{\"0\":\"Internet Tivi, 32 inch\",\"1\":\"Độ phân giải: HD\",\"2\":\"Kết nối: HDMI 2, USB 1\",\"3\":\"Tổng công suất loa: 10 W\",\"4\":\"Chuyển động rõ nét: 50 Hz\"}','Thùng tivi có: Sách hướng dẫn, Remote, Chân đế',4,'Bảo hành chính hãng tivi 2 năm, remote 2 năm. 1 đổi 1 trong 1 tháng với sản phẩm lỗi',24,2),(123,'Smart TV SAMSUNG 43\"','(UA43M5500)','{\"0\":\"Smart Tivi, 43 inch\",\"1\":\"Độ phân giải: Full HD\",\"2\":\"Kết nối: 3 HDMI, 2 USB\",\"3\":\"Điều khiển tivi bằng điện thoại\",\"4\":\"Chỉ số hình ảnh 400\"}','Thùng tivi có: Sách hướng dẫn, Remote, Chân đế',4,'Bảo hành chính hãng tivi 2 năm, remote 2 năm. 1 đổi 1 trong 1 tháng với sản phẩm lỗi',24,2),(124,'Smart TV SAMSUNG 43\"','(UA43K5310)','{\"0\":\"Smart Tivi, 43 inch\",\"1\":\"Độ phân giải: Full HD\",\"2\":\"Kết nối: HDMI, USB, Wifi\",\"3\":\"Điều khiển tivi bằng điện thoại\",\"4\":\"Tổng công suất loa: 20 W\"}','Thùng tivi có: Sách hướng dẫn, Remote, Chân đế',4,'Bảo hành chính hãng tivi 2 năm, remote 2 năm. 1 đổi 1 trong 1 tháng với sản phẩm lỗi',24,2),(125,'Smart TV SAMSUNG 40\"','(UA40J5200D)','{\"0\":\"Smart tivi cơ bản, 40 inch\",\"1\":\"Độ phân giải: Full HD\",\"2\":\"Kết nối: HDMI, USB 1\",\"3\":\"Điều khiển tivi bằng điện thoại\",\"4\":\"Chuyển động rõ nét: 100 Hz\"}','Thùng tivi có: Sách hướng dẫn, Remote, Chân đế',4,'Bảo hành chính hãng tivi 2 năm, remote 2 năm. 1 đổi 1 trong 1 tháng với sản phẩm lỗi',24,2),(126,'Smart TV SAMSUNG 43\"','(UA43MU6100)','{\"0\":\"Smart Tivi, 43 inch\",\"1\":\"Độ phân giải: Ultra HD 4K\",\"2\":\"Kết nối: HDMI 3 cổng, USB 2 cổng\",\"3\":\"Điều khiển tivi bằng điện thoại\",\"4\":\"Chỉ số hình ảnh 1300\"}','Thùng tivi có: Sách hướng dẫn, Remote, Chân đế',4,'Bảo hành chính hãng tivi 2 năm, remote 2 năm. 1 đổi 1 trong 1 tháng với sản phẩm lỗi',24,2),(127,'Smart TV SAMSUNG 43\"','(UA43MU6400)','{\"0\":\"Smart Tivi, 43 inch\",\"1\":\"Độ phân giải: Ultra HD 4K\",\"2\":\"Kết nối: HDMI 3 cổng, USB 2 cổng\",\"3\":\"Điều khiển tivi bằng điện thoại\",\"4\":\"Chỉ số hình ảnh 1500\"}','Thùng tivi có: Sách hướng dẫn, Remote, Chân đế',4,'Bảo hành chính hãng tivi 2 năm, remote 2 năm. 1 đổi 1 trong 1 tháng với sản phẩm lỗi',24,2),(128,'Internet TV SAMSUNG 49\"','(UA49J5200)','{\"0\":\"Internet Tivi, 49 inch\",\"1\":\"Độ phân giải: Full HD\",\"2\":\"Kết nối: HDMI 2, USB 1\",\"3\":\"Tổng công suất loa: 20 W\",\"4\":\"Chỉ số hình ảnh 200\"}','Thùng tivi có: Sách hướng dẫn, Remote, Chân đế',4,'Bảo hành chính hãng tivi 2 năm, remote 2 năm. 1 đổi 1 trong 1 tháng với sản phẩm lỗi',24,2),(129,'Smart TV SAMSUNG 49\"','(UA49MU6100)','{\"0\":\"Smart Tivi, 49 inch\",\"1\":\"Độ phân giải: Ultra HD 4K\",\"2\":\"Kết nối: HDMI 3, USB 2\",\"3\":\"Điều khiển tivi bằng điện thoại\",\"4\":\"Chỉ số hình ảnh 1300\"}','Thùng tivi có: Sách hướng dẫn, Remote, Chân đế',4,'Bảo hành chính hãng tivi 2 năm, remote 2 năm. 1 đổi 1 trong 1 tháng với sản phẩm lỗi',24,2),(130,'SAMSUNG 32\"','(UA32J4003D)','{\"0\":\"Độ phân giải:\",\"1\":\"Điều khiển tivi bằng điện thoại Tổng công suất loa:\",\"2\":\"Chuyển động rõ nét:\",\"3\":\"Chỉ số hình ảnh\"}','Thùng tivi có: Sách hướng dẫn, Remote, Chân đế',4,'Bảo hành chính hãng tivi 2 năm, remote 2 năm. 1 đổi 1 trong 1 tháng với sản phẩm lỗi',24,2),(131,'Smart TV SAMSUNG 43\"','(UA43K5300)','{\"0\":\"Smart Tivi, 43 inch\",\"1\":\"Độ phân giải: Full HD\",\"2\":\"Kết nối: HDMI, USB, Wifi\",\"3\":\"Điều khiển tivi bằng điện thoại\",\"4\":\"Tổng công suất loa: 20 W\"}','Thùng tivi có: Sách hướng dẫn, Remote, Chân đế',4,'Bảo hành chính hãng tivi 2 năm, remote 2 năm. 1 đổi 1 trong 1 tháng với sản phẩm lỗi',24,2),(132,'Smart TV LG 32\"','(32LJ571D)','{\"0\":\"Smart Tivi, 32 inch\",\"1\":\"Độ phân giải: HD\",\"2\":\"Kết nối: 2 HDMI, 1USB\",\"3\":\"Điều khiển tivi bằng điện thoại\",\"4\":\"Chuyển động rõ nét: 50 Hz\"}','Thùng tivi có: Sách hướng dẫn, Remote, Chân đế',4,'Bảo hành chính hãng tivi 2 năm, remote 6 tháng. Nếu dùng cho hoạt động kinh doanh (giặt ủi, nhà hàng, khách sạn...) chỉ bảo hành 6 tháng.. 1 đổi 1 trong 1 tháng với sản phẩm lỗi',24,13),(133,'Smart TV LG 43\"','(43UJ633T)','{\"0\":\"Smart Tivi, 43 inch\",\"1\":\"Độ phân giải: Ultra HD 4K\",\"2\":\"Kết nối: HDMI 3, USB 2\",\"3\":\"Điều khiển tivi bằng điện thoại\",\"4\":\"Chuyển động rõ nét: 50 Hz\"}','Thùng tivi có: Sách hướng dẫn, Remote, Chân đế',4,'Bảo hành chính hãng tivi 2 năm, remote 6 tháng. Nếu dùng cho hoạt động kinh doanh (giặt ủi, nhà hàng, khách sạn...) chỉ bảo hành 6 tháng.. 1 đổi 1 trong 1 tháng với sản phẩm lỗi',24,13),(134,'Smart TV LG 43\"','(43LJ553T)','{\"0\":\"Smart Tivi, 43 inch\",\"1\":\"Độ phân giải: Full HD\",\"2\":\"Kết nối: HDMI 2, USB 1\",\"3\":\"Điều khiển tivi bằng điện thoại\",\"4\":\"Chuyển động rõ nét: 50 Hz\"}','Thùng tivi có: Sách hướng dẫn, Remote, Chân đế',4,'Bảo hành chính hãng tivi 2 năm, remote 6 tháng. Nếu dùng cho hoạt động kinh doanh (giặt ủi, nhà hàng, khách sạn...) chỉ bảo hành 6 tháng.. 1 đổi 1 trong 1 tháng với sản phẩm lỗi',24,13),(135,'Smart TV LG 43\"','(43UJ652T)','{\"0\":\"Smart Tivi, 43 inch\",\"1\":\"Độ phân giải: Ultra HD 4K\",\"2\":\"Kết nối: 4 HDMI, 2 USB\",\"3\":\"Điều khiển tivi bằng điện thoại\",\"4\":\"Chuyển động rõ nét: 50 Hz\"}','Thùng tivi có: Sách hướng dẫn, Remote, Chân đế',4,'Bảo hành chính hãng tivi 2 năm, remote 6 tháng. Nếu dùng cho hoạt động kinh doanh (giặt ủi, nhà hàng, khách sạn...) chỉ bảo hành 6 tháng.. 1 đổi 1 trong 1 tháng với sản phẩm lỗi',24,13),(136,'Smart TV LG 49\"','(49UJ633T)','{\"0\":\"Smart Tivi, 49 inch\",\"1\":\"Độ phân giải: Ultra HD 4K\",\"2\":\"Kết nối: HDMI 3, USB 2\",\"3\":\"Điều khiển tivi bằng điện thoại\",\"4\":\"Chuyển động rõ nét: 50 Hz\"}','Thùng tivi có: Sách hướng dẫn, Remote, Chân đế',4,'Bảo hành chính hãng tivi 2 năm, remote 6 tháng. Nếu dùng cho hoạt động kinh doanh (giặt ủi, nhà hàng, khách sạn...) chỉ bảo hành 6 tháng.. 1 đổi 1 trong 1 tháng với sản phẩm lỗi',24,13),(137,'Smart TV LG 55\"','(55UJ632T)','{\"0\":\"Smart Tivi, 55 inch\",\"1\":\"Độ phân giải: Ultra HD 4K\",\"2\":\"Kết nối: HDMI 3 , USB 2\",\"3\":\"Điều khiển tivi bằng điện thoại\",\"4\":\"Chuyển động rõ nét: 50 Hz\"}','Thùng tivi có: Sách hướng dẫn, Remote, Chân đế',4,'Bảo hành chính hãng tivi 2 năm, remote 6 tháng. Nếu dùng cho hoạt động kinh doanh (giặt ủi, nhà hàng, khách sạn...) chỉ bảo hành 6 tháng.. 1 đổi 1 trong 1 tháng với sản phẩm lỗi',24,13),(138,'Smart TV LG 49\"','(49LJ553T)','{\"0\":\"Smart Tivi, 49 inch\",\"1\":\"Độ phân giải: Full HD\",\"2\":\"Kết nối: HDMI 2 cổng, USB 1 cổng\",\"3\":\"Điều khiển tivi bằng điện thoại\",\"4\":\"Chuyển động rõ nét: 50 Hz\"}','Thùng tivi có: Sách hướng dẫn, Remote, Chân đế',4,'Bảo hành chính hãng tivi 2 năm, remote 6 tháng. Nếu dùng cho hoạt động kinh doanh (giặt ủi, nhà hàng, khách sạn...) chỉ bảo hành 6 tháng.. 1 đổi 1 trong 1 tháng với sản phẩm lỗi',24,13),(139,'Smart TV LG 49\"','(49UJ652T)','{\"0\":\"Smart Tivi, 49 inch\",\"1\":\"Độ phân giải: Ultra HD 4K\",\"2\":\"Kết nối: 4 HDMI, 2USB\",\"3\":\"Điều khiển tivi bằng điện thoại\",\"4\":\"Chuyển động rõ nét: 50 Hz\"}','Thùng tivi có: Sách hướng dẫn, Remote, Chân đế',4,'Bảo hành chính hãng tivi 2 năm, remote 6 tháng. Nếu dùng cho hoạt động kinh doanh (giặt ủi, nhà hàng, khách sạn...) chỉ bảo hành 6 tháng.. 1 đổi 1 trong 1 tháng với sản phẩm lỗi',24,13),(140,'LG 32\"','(32LJ510D)','{\"0\":\"Tivi LED thường, 32 inch\",\"1\":\"Độ phân giải: HD\",\"2\":\"Kết nối: 2 HDMI,1USB\",\"3\":\"Tổng công suất loa: 10 W\",\"4\":\"Chuyển động rõ nét: 50 Hz\"}','Thùng tivi có: Sách hướng dẫn, Remote, Chân đế',4,'Bảo hành chính hãng tivi 2 năm, remote 6 tháng. Nếu dùng cho hoạt động kinh doanh (giặt ủi, nhà hàng, khách sạn...) chỉ bảo hành 6 tháng.. 1 đổi 1 trong 1 tháng với sản phẩm lỗi',24,13),(141,'Smart TV LG 43\"','(43UH610T)','{\"0\":\"Smart Tivi HDR, 43 inch\",\"1\":\"Độ phân giải: Ultra HD 4K\",\"2\":\"Kết nối: HDMI, USB, Wifi, LAN\",\"3\":\"Điều khiển tivi bằng điện thoại\",\"4\":\"Tổng công suất loa: 20 W\"}','Thùng tivi có: Sách hướng dẫn, Remote, Chân đế',4,'Bảo hành chính hãng tivi 2 năm, remote 6 tháng. Nếu dùng cho hoạt động kinh doanh (giặt ủi, nhà hàng, khách sạn...) chỉ bảo hành 6 tháng.. 1 đổi 1 trong 1 tháng với sản phẩm lỗi',24,13),(142,'Smart TV SONY 49\"','(KD-49X8000E)','{\"0\":\"Android Tivi, 49 inch\",\"1\":\"Độ phân giải: Ultra HD 4K\",\"2\":\"Kết nối: 4 HDMI, 3 USB\",\"3\":\"Điều khiển tivi bằng điện thoại\",\"4\":\"Chuyển động rõ nét: MXR 200 Hz\"}','Thùng tivi có: Sách hướng dẫn, Remote, Chân đế',4,'Bảo hành chính hãng tivi 2 năm, remote 1 năm, adapter 2 năm. 1 đổi 1 trong 1 tháng với sản phẩm lỗi',24,4),(143,'Internet TV SONY 55\"','(KD-55X7000E)','{\"0\":\"Internet Tivi, 55 inch\",\"1\":\"Độ phân giải: Ultra HD 4K\",\"2\":\"Kết nối: HDMI 3 cổng, USB 3 cổng\",\"3\":\"Tổng công suất loa: 20 W\",\"4\":\"Chuyển động rõ nét: MXR 200 Hz\"}','Thùng tivi có: Sách hướng dẫn, Remote, Chân đế',4,'Bảo hành chính hãng tivi 2 năm, remote 1 năm, adapter 2 năm. 1 đổi 1 trong 1 tháng với sản phẩm lỗi',24,4),(144,'Smart TV SONY 55\"','(KD-55X8000E/S)','{\"0\":\"Android Tivi, 55 inch\",\"1\":\"Độ phân giải: Ultra HD 4K\",\"2\":\"Kết nối: HDMI 4 cổng, USB 3 cổng\",\"3\":\"Điều khiển tivi bằng điện thoại\",\"4\":\"Chuyển động rõ nét: MXR 200 Hz\"}','Thùng tivi có: Sách hướng dẫn, Remote, Chân đế',4,'Bảo hành chính hãng tivi 2 năm, remote 1 năm, adapter 2 năm. 1 đổi 1 trong 1 tháng với sản phẩm lỗi',24,4),(145,'Smart TV SONY 55\"','(KD-55X7000D)','{\"0\":\"Android Tivi, 55 inch\",\"1\":\"Độ phân giải: Ultra HD 4K\",\"2\":\"Kết nối: HDMI, USB, Wifi\",\"3\":\"Điều khiển tivi bằng điện thoại\",\"4\":\"Chuyển động rõ nét: MXR 200 Hz\"}','Thùng tivi có: Sách hướng dẫn, Remote, Chân đế',4,'Bảo hành chính hãng tivi 2 năm, remote 1 năm, adapter 2 năm. 1 đổi 1 trong 1 tháng với sản phẩm lỗi',24,4),(146,'Smart TV SONY 49\"','(KD-49X8000E/S)','{\"0\":\"Android Tivi, 49 inch\",\"1\":\"Độ phân giải: Ultra HD 4K\",\"2\":\"Kết nối: 4 HDMI, 3 USB\",\"3\":\"Điều khiển tivi bằng điện thoại\",\"4\":\"Chuyển động rõ nét: MXR 200 Hz\"}','Thùng tivi có: Sách hướng dẫn, Remote, Chân đế',4,'Bảo hành chính hãng tivi 2 năm, remote 1 năm, adapter 2 năm. 1 đổi 1 trong 1 tháng với sản phẩm lỗi',24,4),(147,'Smart TV SONY 55\"','(KD-55X8500E)','{\"0\":\"Android Tivi, 55 inch\",\"1\":\"Độ phân giải: Ultra HD 4K\",\"2\":\"Kết nối: HDMI 4 ,USB 3\",\"3\":\"Điều khiển tivi bằng điện thoại\",\"4\":\"Chuyển động rõ nét: MoXR 960 Hz\"}','Thùng tivi có: Sách hướng dẫn, Remote, Chân đế',4,'Bảo hành chính hãng tivi 2 năm, remote 1 năm, adapter 2 năm. 1 đổi 1 trong 1 tháng với sản phẩm lỗi',24,4),(148,'Internet TV SONY 65\"','(KD-65X7000E)','{\"0\":\"internet Tivi, 65 inch\",\"1\":\"Độ phân giải: Ultra HD 4K\",\"2\":\"Kết nối: HDMI 3 cổng, USB 3 cổng\",\"3\":\"Tổng công suất loa: 20 W\",\"4\":\"Chuyển động rõ nét: MXR 200 Hz\"}','Thùng tivi có: Sách hướng dẫn, Remote, Chân đế',4,'Bảo hành chính hãng tivi 2 năm, remote 1 năm, adapter 2 năm. 1 đổi 1 trong 1 tháng với sản phẩm lỗi',24,4),(149,'Smart TV SONY 49\"','(KD-49X9000E)','{\"0\":\"Android Tivi, 49 inch\",\"1\":\"Độ phân giải: Ultra HD 4K\",\"2\":\"Kết nối: 4 HDMI, 3 USB\",\"3\":\"Điều khiển tivi bằng điện thoại\",\"4\":\"Chuyển động rõ nét: MoXR 200 Hz\"}','Thùng tivi có: Sách hướng dẫn, Remote, Chân đế',4,'Bảo hành chính hãng tivi 2 năm, remote 1 năm, adapter 2 năm. 1 đổi 1 trong 1 tháng với sản phẩm lỗi',24,4),(150,'Smart TV SONY 65\"','(KD-65A1)','{\"0\":\"Android Tivi OLED, 65 inch\",\"1\":\"Độ phân giải: Ultra HD 4K\",\"2\":\"Kết nối: HDMI 4 , USB 3\",\"3\":\"Điều khiển tivi bằng điện thoại\"}','Thùng tivi có: Sách hướng dẫn, Remote, Chân đế',4,'Bảo hành chính hãng tivi 2 năm, remote 1 năm, adapter 2 năm. 1 đổi 1 trong 1 tháng với sản phẩm lỗi',24,4),(151,'Smart TV SONY 55\"','(KD-55A1)','{\"0\":\"Smart Tivi OLED, 55 inch\",\"1\":\"Độ phân giải: Ultra HD 4K\",\"2\":\"Kết nối: HDMI 4, USB 3\",\"3\":\"Điều khiển tivi bằng điện thoại\"}','Thùng tivi có: Sách hướng dẫn, Remote, Chân đế',4,'Bảo hành chính hãng tivi 2 năm, remote 1 năm, adapter 2 năm. 1 đổi 1 trong 1 tháng với sản phẩm lỗi',24,4);
/*!40000 ALTER TABLE `product` ENABLE KEYS */;
UNLOCK TABLES;

--
-- Table structure for table `review_product`
--

DROP TABLE IF EXISTS `review_product`;
/*!40101 SET @saved_cs_client     = @@character_set_client */;
/*!40101 SET character_set_client = utf8 */;
CREATE TABLE `review_product` (
  `user_idUser` int(11) NOT NULL,
  `store_product_store_idstore` int(11) NOT NULL,
  `store_product_product_idProduct` int(11) NOT NULL,
  `content` varchar(400) COLLATE utf8_unicode_ci DEFAULT NULL,
  `rate` int(11) DEFAULT NULL,
  PRIMARY KEY (`user_idUser`,`store_product_store_idstore`,`store_product_product_idProduct`),
  KEY `fk_user_has_store_product_store_product1_idx` (`store_product_store_idstore`,`store_product_product_idProduct`),
  KEY `fk_user_has_store_product_user1_idx` (`user_idUser`),
  CONSTRAINT `fk_user_has_store_product_store_product1` FOREIGN KEY (`store_product_store_idstore`, `store_product_product_idProduct`) REFERENCES `store_product` (`store_idstore`, `product_idProduct`) ON DELETE NO ACTION ON UPDATE NO ACTION,
  CONSTRAINT `fk_user_has_store_product_user1` FOREIGN KEY (`user_idUser`) REFERENCES `user` (`idUser`) ON DELETE NO ACTION ON UPDATE NO ACTION
) ENGINE=InnoDB DEFAULT CHARSET=utf8 COLLATE=utf8_unicode_ci;
/*!40101 SET character_set_client = @saved_cs_client */;

--
-- Dumping data for table `review_product`
--

LOCK TABLES `review_product` WRITE;
/*!40000 ALTER TABLE `review_product` DISABLE KEYS */;
/*!40000 ALTER TABLE `review_product` ENABLE KEYS */;
UNLOCK TABLES;

--
-- Table structure for table `role`
--

DROP TABLE IF EXISTS `role`;
/*!40101 SET @saved_cs_client     = @@character_set_client */;
/*!40101 SET character_set_client = utf8 */;
CREATE TABLE `role` (
  `idrole` int(11) NOT NULL AUTO_INCREMENT,
  `name` varchar(45) COLLATE utf8_unicode_ci DEFAULT NULL,
  PRIMARY KEY (`idrole`)
) ENGINE=InnoDB DEFAULT CHARSET=utf8 COLLATE=utf8_unicode_ci;
/*!40101 SET character_set_client = @saved_cs_client */;

--
-- Dumping data for table `role`
--

LOCK TABLES `role` WRITE;
/*!40000 ALTER TABLE `role` DISABLE KEYS */;
/*!40000 ALTER TABLE `role` ENABLE KEYS */;
UNLOCK TABLES;

--
-- Table structure for table `role_has_admin`
--

DROP TABLE IF EXISTS `role_has_admin`;
/*!40101 SET @saved_cs_client     = @@character_set_client */;
/*!40101 SET character_set_client = utf8 */;
CREATE TABLE `role_has_admin` (
  `role_idrole` int(11) NOT NULL,
  `admin_idadmin` int(11) NOT NULL,
  PRIMARY KEY (`role_idrole`,`admin_idadmin`),
  KEY `fk_role_has_admin_admin1_idx` (`admin_idadmin`),
  KEY `fk_role_has_admin_role1_idx` (`role_idrole`),
  CONSTRAINT `fk_role_has_admin_admin1` FOREIGN KEY (`admin_idadmin`) REFERENCES `admin` (`idadmin`) ON DELETE NO ACTION ON UPDATE NO ACTION,
  CONSTRAINT `fk_role_has_admin_role1` FOREIGN KEY (`role_idrole`) REFERENCES `role` (`idrole`) ON DELETE NO ACTION ON UPDATE NO ACTION
) ENGINE=InnoDB DEFAULT CHARSET=utf8 COLLATE=utf8_unicode_ci;
/*!40101 SET character_set_client = @saved_cs_client */;

--
-- Dumping data for table `role_has_admin`
--

LOCK TABLES `role_has_admin` WRITE;
/*!40000 ALTER TABLE `role_has_admin` DISABLE KEYS */;
/*!40000 ALTER TABLE `role_has_admin` ENABLE KEYS */;
UNLOCK TABLES;

--
-- Table structure for table `store`
--

DROP TABLE IF EXISTS `store`;
/*!40101 SET @saved_cs_client     = @@character_set_client */;
/*!40101 SET character_set_client = utf8 */;
CREATE TABLE `store` (
  `idstore` int(11) NOT NULL AUTO_INCREMENT,
  `name` varchar(255) COLLATE utf8_unicode_ci DEFAULT NULL,
  `phone` varchar(45) COLLATE utf8_unicode_ci DEFAULT NULL,
  `address` varchar(255) COLLATE utf8_unicode_ci DEFAULT NULL,
  `description` varchar(255) COLLATE utf8_unicode_ci DEFAULT NULL,
  `linkImage` varchar(255) COLLATE utf8_unicode_ci DEFAULT NULL,
  PRIMARY KEY (`idstore`)
) ENGINE=InnoDB AUTO_INCREMENT=3 DEFAULT CHARSET=utf8 COLLATE=utf8_unicode_ci;
/*!40101 SET character_set_client = @saved_cs_client */;

--
-- Dumping data for table `store`
--

LOCK TABLES `store` WRITE;
/*!40000 ALTER TABLE `store` DISABLE KEYS */;
INSERT INTO `store` VALUES (1,'Điện máy xanh',NULL,NULL,NULL,NULL),(2,'Thế giới di động',NULL,NULL,NULL,NULL);
/*!40000 ALTER TABLE `store` ENABLE KEYS */;
UNLOCK TABLES;

--
-- Table structure for table `store_product`
--

DROP TABLE IF EXISTS `store_product`;
/*!40101 SET @saved_cs_client     = @@character_set_client */;
/*!40101 SET character_set_client = utf8 */;
CREATE TABLE `store_product` (
  `store_idstore` int(11) NOT NULL,
  `product_idProduct` int(11) NOT NULL,
  `price` mediumtext COLLATE utf8_unicode_ci,
  `codeSale` varchar(45) COLLATE utf8_unicode_ci DEFAULT NULL,
  `store_assuarance_policy` varchar(400) COLLATE utf8_unicode_ci DEFAULT NULL,
  `store_month_policy` int(11) DEFAULT NULL,
  `status` varchar(45) COLLATE utf8_unicode_ci DEFAULT NULL,
  `count` int(11) DEFAULT NULL,
  PRIMARY KEY (`store_idstore`,`product_idProduct`),
  KEY `fk_store_has_product_product1_idx` (`product_idProduct`),
  KEY `fk_store_has_product_store1_idx` (`store_idstore`),
  CONSTRAINT `fk_store_has_product_product1` FOREIGN KEY (`product_idProduct`) REFERENCES `product` (`idProduct`) ON DELETE NO ACTION ON UPDATE NO ACTION,
  CONSTRAINT `fk_store_has_product_store1` FOREIGN KEY (`store_idstore`) REFERENCES `store` (`idstore`) ON DELETE NO ACTION ON UPDATE NO ACTION
) ENGINE=InnoDB DEFAULT CHARSET=utf8 COLLATE=utf8_unicode_ci;
/*!40101 SET character_set_client = @saved_cs_client */;

--
-- Dumping data for table `store_product`
--

LOCK TABLES `store_product` WRITE;
/*!40000 ALTER TABLE `store_product` DISABLE KEYS */;
INSERT INTO `store_product` VALUES (1,111,NULL,NULL,'Những sản phẩm thuộc danh sách sản phẩm được phục vụ bảo hành tại nhà, tùy thuộc vào mức độ hư hỏng của sản phẩm, Kỹ thuật viên của Công ty Pico sẽ trực tiếp khắc phục sự cố tại nhà hoặc thay mặt Quý khách mang sản phẩm tới Trung Tâm Bảo Hành của Hãng hoặc thông báo với Hãng để đến bảo hành sản phẩm cho Quý khách.',24,'mới',5),(1,112,NULL,NULL,'Những sản phẩm thuộc danh sách sản phẩm được phục vụ bảo hành tại nhà, tùy thuộc vào mức độ hư hỏng của sản phẩm, Kỹ thuật viên của Công ty Pico sẽ trực tiếp khắc phục sự cố tại nhà hoặc thay mặt Quý khách mang sản phẩm tới Trung Tâm Bảo Hành của Hãng hoặc thông báo với Hãng để đến bảo hành sản phẩm cho Quý khách.',24,'mới',5),(1,113,NULL,NULL,'Những sản phẩm thuộc danh sách sản phẩm được phục vụ bảo hành tại nhà, tùy thuộc vào mức độ hư hỏng của sản phẩm, Kỹ thuật viên của Công ty Pico sẽ trực tiếp khắc phục sự cố tại nhà hoặc thay mặt Quý khách mang sản phẩm tới Trung Tâm Bảo Hành của Hãng hoặc thông báo với Hãng để đến bảo hành sản phẩm cho Quý khách.',24,'mới',5),(1,114,NULL,NULL,'Những sản phẩm thuộc danh sách sản phẩm được phục vụ bảo hành tại nhà, tùy thuộc vào mức độ hư hỏng của sản phẩm, Kỹ thuật viên của Công ty Pico sẽ trực tiếp khắc phục sự cố tại nhà hoặc thay mặt Quý khách mang sản phẩm tới Trung Tâm Bảo Hành của Hãng hoặc thông báo với Hãng để đến bảo hành sản phẩm cho Quý khách.',24,'mới',5),(1,115,NULL,NULL,'Những sản phẩm thuộc danh sách sản phẩm được phục vụ bảo hành tại nhà, tùy thuộc vào mức độ hư hỏng của sản phẩm, Kỹ thuật viên của Công ty Pico sẽ trực tiếp khắc phục sự cố tại nhà hoặc thay mặt Quý khách mang sản phẩm tới Trung Tâm Bảo Hành của Hãng hoặc thông báo với Hãng để đến bảo hành sản phẩm cho Quý khách.',24,'mới',5),(1,116,NULL,NULL,'Những sản phẩm thuộc danh sách sản phẩm được phục vụ bảo hành tại nhà, tùy thuộc vào mức độ hư hỏng của sản phẩm, Kỹ thuật viên của Công ty Pico sẽ trực tiếp khắc phục sự cố tại nhà hoặc thay mặt Quý khách mang sản phẩm tới Trung Tâm Bảo Hành của Hãng hoặc thông báo với Hãng để đến bảo hành sản phẩm cho Quý khách.',24,'mới',5),(1,117,NULL,NULL,'Những sản phẩm thuộc danh sách sản phẩm được phục vụ bảo hành tại nhà, tùy thuộc vào mức độ hư hỏng của sản phẩm, Kỹ thuật viên của Công ty Pico sẽ trực tiếp khắc phục sự cố tại nhà hoặc thay mặt Quý khách mang sản phẩm tới Trung Tâm Bảo Hành của Hãng hoặc thông báo với Hãng để đến bảo hành sản phẩm cho Quý khách.',24,'mới',5),(1,118,NULL,NULL,'Những sản phẩm thuộc danh sách sản phẩm được phục vụ bảo hành tại nhà, tùy thuộc vào mức độ hư hỏng của sản phẩm, Kỹ thuật viên của Công ty Pico sẽ trực tiếp khắc phục sự cố tại nhà hoặc thay mặt Quý khách mang sản phẩm tới Trung Tâm Bảo Hành của Hãng hoặc thông báo với Hãng để đến bảo hành sản phẩm cho Quý khách.',24,'mới',5),(1,119,NULL,NULL,'Những sản phẩm thuộc danh sách sản phẩm được phục vụ bảo hành tại nhà, tùy thuộc vào mức độ hư hỏng của sản phẩm, Kỹ thuật viên của Công ty Pico sẽ trực tiếp khắc phục sự cố tại nhà hoặc thay mặt Quý khách mang sản phẩm tới Trung Tâm Bảo Hành của Hãng hoặc thông báo với Hãng để đến bảo hành sản phẩm cho Quý khách.',24,'mới',5),(1,120,NULL,NULL,'Những sản phẩm thuộc danh sách sản phẩm được phục vụ bảo hành tại nhà, tùy thuộc vào mức độ hư hỏng của sản phẩm, Kỹ thuật viên của Công ty Pico sẽ trực tiếp khắc phục sự cố tại nhà hoặc thay mặt Quý khách mang sản phẩm tới Trung Tâm Bảo Hành của Hãng hoặc thông báo với Hãng để đến bảo hành sản phẩm cho Quý khách.',24,'mới',5),(1,121,NULL,NULL,'Những sản phẩm thuộc danh sách sản phẩm được phục vụ bảo hành tại nhà, tùy thuộc vào mức độ hư hỏng của sản phẩm, Kỹ thuật viên của Công ty Pico sẽ trực tiếp khắc phục sự cố tại nhà hoặc thay mặt Quý khách mang sản phẩm tới Trung Tâm Bảo Hành của Hãng hoặc thông báo với Hãng để đến bảo hành sản phẩm cho Quý khách.',24,'mới',5),(1,122,NULL,NULL,'Những sản phẩm thuộc danh sách sản phẩm được phục vụ bảo hành tại nhà, tùy thuộc vào mức độ hư hỏng của sản phẩm, Kỹ thuật viên của Công ty Pico sẽ trực tiếp khắc phục sự cố tại nhà hoặc thay mặt Quý khách mang sản phẩm tới Trung Tâm Bảo Hành của Hãng hoặc thông báo với Hãng để đến bảo hành sản phẩm cho Quý khách.',24,'mới',5),(1,123,NULL,NULL,'Những sản phẩm thuộc danh sách sản phẩm được phục vụ bảo hành tại nhà, tùy thuộc vào mức độ hư hỏng của sản phẩm, Kỹ thuật viên của Công ty Pico sẽ trực tiếp khắc phục sự cố tại nhà hoặc thay mặt Quý khách mang sản phẩm tới Trung Tâm Bảo Hành của Hãng hoặc thông báo với Hãng để đến bảo hành sản phẩm cho Quý khách.',24,'mới',5),(1,124,NULL,NULL,'Những sản phẩm thuộc danh sách sản phẩm được phục vụ bảo hành tại nhà, tùy thuộc vào mức độ hư hỏng của sản phẩm, Kỹ thuật viên của Công ty Pico sẽ trực tiếp khắc phục sự cố tại nhà hoặc thay mặt Quý khách mang sản phẩm tới Trung Tâm Bảo Hành của Hãng hoặc thông báo với Hãng để đến bảo hành sản phẩm cho Quý khách.',24,'mới',5),(1,125,NULL,NULL,'Những sản phẩm thuộc danh sách sản phẩm được phục vụ bảo hành tại nhà, tùy thuộc vào mức độ hư hỏng của sản phẩm, Kỹ thuật viên của Công ty Pico sẽ trực tiếp khắc phục sự cố tại nhà hoặc thay mặt Quý khách mang sản phẩm tới Trung Tâm Bảo Hành của Hãng hoặc thông báo với Hãng để đến bảo hành sản phẩm cho Quý khách.',24,'mới',5),(1,126,NULL,NULL,'Những sản phẩm thuộc danh sách sản phẩm được phục vụ bảo hành tại nhà, tùy thuộc vào mức độ hư hỏng của sản phẩm, Kỹ thuật viên của Công ty Pico sẽ trực tiếp khắc phục sự cố tại nhà hoặc thay mặt Quý khách mang sản phẩm tới Trung Tâm Bảo Hành của Hãng hoặc thông báo với Hãng để đến bảo hành sản phẩm cho Quý khách.',24,'mới',5),(1,127,NULL,NULL,'Những sản phẩm thuộc danh sách sản phẩm được phục vụ bảo hành tại nhà, tùy thuộc vào mức độ hư hỏng của sản phẩm, Kỹ thuật viên của Công ty Pico sẽ trực tiếp khắc phục sự cố tại nhà hoặc thay mặt Quý khách mang sản phẩm tới Trung Tâm Bảo Hành của Hãng hoặc thông báo với Hãng để đến bảo hành sản phẩm cho Quý khách.',24,'mới',5),(1,128,NULL,NULL,'Những sản phẩm thuộc danh sách sản phẩm được phục vụ bảo hành tại nhà, tùy thuộc vào mức độ hư hỏng của sản phẩm, Kỹ thuật viên của Công ty Pico sẽ trực tiếp khắc phục sự cố tại nhà hoặc thay mặt Quý khách mang sản phẩm tới Trung Tâm Bảo Hành của Hãng hoặc thông báo với Hãng để đến bảo hành sản phẩm cho Quý khách.',24,'mới',5),(1,129,NULL,NULL,'Những sản phẩm thuộc danh sách sản phẩm được phục vụ bảo hành tại nhà, tùy thuộc vào mức độ hư hỏng của sản phẩm, Kỹ thuật viên của Công ty Pico sẽ trực tiếp khắc phục sự cố tại nhà hoặc thay mặt Quý khách mang sản phẩm tới Trung Tâm Bảo Hành của Hãng hoặc thông báo với Hãng để đến bảo hành sản phẩm cho Quý khách.',24,'mới',5),(1,130,NULL,NULL,'Những sản phẩm thuộc danh sách sản phẩm được phục vụ bảo hành tại nhà, tùy thuộc vào mức độ hư hỏng của sản phẩm, Kỹ thuật viên của Công ty Pico sẽ trực tiếp khắc phục sự cố tại nhà hoặc thay mặt Quý khách mang sản phẩm tới Trung Tâm Bảo Hành của Hãng hoặc thông báo với Hãng để đến bảo hành sản phẩm cho Quý khách.',24,'mới',5),(1,131,NULL,NULL,'Những sản phẩm thuộc danh sách sản phẩm được phục vụ bảo hành tại nhà, tùy thuộc vào mức độ hư hỏng của sản phẩm, Kỹ thuật viên của Công ty Pico sẽ trực tiếp khắc phục sự cố tại nhà hoặc thay mặt Quý khách mang sản phẩm tới Trung Tâm Bảo Hành của Hãng hoặc thông báo với Hãng để đến bảo hành sản phẩm cho Quý khách.',24,'mới',5),(1,132,NULL,NULL,'Những sản phẩm thuộc danh sách sản phẩm được phục vụ bảo hành tại nhà, tùy thuộc vào mức độ hư hỏng của sản phẩm, Kỹ thuật viên của Công ty Pico sẽ trực tiếp khắc phục sự cố tại nhà hoặc thay mặt Quý khách mang sản phẩm tới Trung Tâm Bảo Hành của Hãng hoặc thông báo với Hãng để đến bảo hành sản phẩm cho Quý khách.',24,'mới',5),(1,133,NULL,NULL,'Những sản phẩm thuộc danh sách sản phẩm được phục vụ bảo hành tại nhà, tùy thuộc vào mức độ hư hỏng của sản phẩm, Kỹ thuật viên của Công ty Pico sẽ trực tiếp khắc phục sự cố tại nhà hoặc thay mặt Quý khách mang sản phẩm tới Trung Tâm Bảo Hành của Hãng hoặc thông báo với Hãng để đến bảo hành sản phẩm cho Quý khách.',24,'mới',5),(1,134,NULL,NULL,'Những sản phẩm thuộc danh sách sản phẩm được phục vụ bảo hành tại nhà, tùy thuộc vào mức độ hư hỏng của sản phẩm, Kỹ thuật viên của Công ty Pico sẽ trực tiếp khắc phục sự cố tại nhà hoặc thay mặt Quý khách mang sản phẩm tới Trung Tâm Bảo Hành của Hãng hoặc thông báo với Hãng để đến bảo hành sản phẩm cho Quý khách.',24,'mới',5),(1,135,NULL,NULL,'Những sản phẩm thuộc danh sách sản phẩm được phục vụ bảo hành tại nhà, tùy thuộc vào mức độ hư hỏng của sản phẩm, Kỹ thuật viên của Công ty Pico sẽ trực tiếp khắc phục sự cố tại nhà hoặc thay mặt Quý khách mang sản phẩm tới Trung Tâm Bảo Hành của Hãng hoặc thông báo với Hãng để đến bảo hành sản phẩm cho Quý khách.',24,'mới',5),(1,136,NULL,NULL,'Những sản phẩm thuộc danh sách sản phẩm được phục vụ bảo hành tại nhà, tùy thuộc vào mức độ hư hỏng của sản phẩm, Kỹ thuật viên của Công ty Pico sẽ trực tiếp khắc phục sự cố tại nhà hoặc thay mặt Quý khách mang sản phẩm tới Trung Tâm Bảo Hành của Hãng hoặc thông báo với Hãng để đến bảo hành sản phẩm cho Quý khách.',24,'mới',5),(1,137,NULL,NULL,'Những sản phẩm thuộc danh sách sản phẩm được phục vụ bảo hành tại nhà, tùy thuộc vào mức độ hư hỏng của sản phẩm, Kỹ thuật viên của Công ty Pico sẽ trực tiếp khắc phục sự cố tại nhà hoặc thay mặt Quý khách mang sản phẩm tới Trung Tâm Bảo Hành của Hãng hoặc thông báo với Hãng để đến bảo hành sản phẩm cho Quý khách.',24,'mới',5),(1,138,NULL,NULL,'Những sản phẩm thuộc danh sách sản phẩm được phục vụ bảo hành tại nhà, tùy thuộc vào mức độ hư hỏng của sản phẩm, Kỹ thuật viên của Công ty Pico sẽ trực tiếp khắc phục sự cố tại nhà hoặc thay mặt Quý khách mang sản phẩm tới Trung Tâm Bảo Hành của Hãng hoặc thông báo với Hãng để đến bảo hành sản phẩm cho Quý khách.',24,'mới',5),(1,139,NULL,NULL,'Những sản phẩm thuộc danh sách sản phẩm được phục vụ bảo hành tại nhà, tùy thuộc vào mức độ hư hỏng của sản phẩm, Kỹ thuật viên của Công ty Pico sẽ trực tiếp khắc phục sự cố tại nhà hoặc thay mặt Quý khách mang sản phẩm tới Trung Tâm Bảo Hành của Hãng hoặc thông báo với Hãng để đến bảo hành sản phẩm cho Quý khách.',24,'mới',5),(1,140,NULL,NULL,'Những sản phẩm thuộc danh sách sản phẩm được phục vụ bảo hành tại nhà, tùy thuộc vào mức độ hư hỏng của sản phẩm, Kỹ thuật viên của Công ty Pico sẽ trực tiếp khắc phục sự cố tại nhà hoặc thay mặt Quý khách mang sản phẩm tới Trung Tâm Bảo Hành của Hãng hoặc thông báo với Hãng để đến bảo hành sản phẩm cho Quý khách.',24,'mới',5),(1,141,NULL,NULL,'Những sản phẩm thuộc danh sách sản phẩm được phục vụ bảo hành tại nhà, tùy thuộc vào mức độ hư hỏng của sản phẩm, Kỹ thuật viên của Công ty Pico sẽ trực tiếp khắc phục sự cố tại nhà hoặc thay mặt Quý khách mang sản phẩm tới Trung Tâm Bảo Hành của Hãng hoặc thông báo với Hãng để đến bảo hành sản phẩm cho Quý khách.',24,'mới',5),(1,142,NULL,NULL,'Những sản phẩm thuộc danh sách sản phẩm được phục vụ bảo hành tại nhà, tùy thuộc vào mức độ hư hỏng của sản phẩm, Kỹ thuật viên của Công ty Pico sẽ trực tiếp khắc phục sự cố tại nhà hoặc thay mặt Quý khách mang sản phẩm tới Trung Tâm Bảo Hành của Hãng hoặc thông báo với Hãng để đến bảo hành sản phẩm cho Quý khách.',24,'mới',5),(1,143,NULL,NULL,'Những sản phẩm thuộc danh sách sản phẩm được phục vụ bảo hành tại nhà, tùy thuộc vào mức độ hư hỏng của sản phẩm, Kỹ thuật viên của Công ty Pico sẽ trực tiếp khắc phục sự cố tại nhà hoặc thay mặt Quý khách mang sản phẩm tới Trung Tâm Bảo Hành của Hãng hoặc thông báo với Hãng để đến bảo hành sản phẩm cho Quý khách.',24,'mới',5),(1,144,NULL,NULL,'Những sản phẩm thuộc danh sách sản phẩm được phục vụ bảo hành tại nhà, tùy thuộc vào mức độ hư hỏng của sản phẩm, Kỹ thuật viên của Công ty Pico sẽ trực tiếp khắc phục sự cố tại nhà hoặc thay mặt Quý khách mang sản phẩm tới Trung Tâm Bảo Hành của Hãng hoặc thông báo với Hãng để đến bảo hành sản phẩm cho Quý khách.',24,'mới',5),(1,145,NULL,NULL,'Những sản phẩm thuộc danh sách sản phẩm được phục vụ bảo hành tại nhà, tùy thuộc vào mức độ hư hỏng của sản phẩm, Kỹ thuật viên của Công ty Pico sẽ trực tiếp khắc phục sự cố tại nhà hoặc thay mặt Quý khách mang sản phẩm tới Trung Tâm Bảo Hành của Hãng hoặc thông báo với Hãng để đến bảo hành sản phẩm cho Quý khách.',24,'mới',5),(1,146,NULL,NULL,'Những sản phẩm thuộc danh sách sản phẩm được phục vụ bảo hành tại nhà, tùy thuộc vào mức độ hư hỏng của sản phẩm, Kỹ thuật viên của Công ty Pico sẽ trực tiếp khắc phục sự cố tại nhà hoặc thay mặt Quý khách mang sản phẩm tới Trung Tâm Bảo Hành của Hãng hoặc thông báo với Hãng để đến bảo hành sản phẩm cho Quý khách.',24,'mới',5),(1,147,NULL,NULL,'Những sản phẩm thuộc danh sách sản phẩm được phục vụ bảo hành tại nhà, tùy thuộc vào mức độ hư hỏng của sản phẩm, Kỹ thuật viên của Công ty Pico sẽ trực tiếp khắc phục sự cố tại nhà hoặc thay mặt Quý khách mang sản phẩm tới Trung Tâm Bảo Hành của Hãng hoặc thông báo với Hãng để đến bảo hành sản phẩm cho Quý khách.',24,'mới',5),(1,148,NULL,NULL,'Những sản phẩm thuộc danh sách sản phẩm được phục vụ bảo hành tại nhà, tùy thuộc vào mức độ hư hỏng của sản phẩm, Kỹ thuật viên của Công ty Pico sẽ trực tiếp khắc phục sự cố tại nhà hoặc thay mặt Quý khách mang sản phẩm tới Trung Tâm Bảo Hành của Hãng hoặc thông báo với Hãng để đến bảo hành sản phẩm cho Quý khách.',24,'mới',5),(1,149,NULL,NULL,'Những sản phẩm thuộc danh sách sản phẩm được phục vụ bảo hành tại nhà, tùy thuộc vào mức độ hư hỏng của sản phẩm, Kỹ thuật viên của Công ty Pico sẽ trực tiếp khắc phục sự cố tại nhà hoặc thay mặt Quý khách mang sản phẩm tới Trung Tâm Bảo Hành của Hãng hoặc thông báo với Hãng để đến bảo hành sản phẩm cho Quý khách.',24,'mới',5),(1,150,NULL,NULL,'Những sản phẩm thuộc danh sách sản phẩm được phục vụ bảo hành tại nhà, tùy thuộc vào mức độ hư hỏng của sản phẩm, Kỹ thuật viên của Công ty Pico sẽ trực tiếp khắc phục sự cố tại nhà hoặc thay mặt Quý khách mang sản phẩm tới Trung Tâm Bảo Hành của Hãng hoặc thông báo với Hãng để đến bảo hành sản phẩm cho Quý khách.',24,'mới',5),(1,151,NULL,NULL,'Những sản phẩm thuộc danh sách sản phẩm được phục vụ bảo hành tại nhà, tùy thuộc vào mức độ hư hỏng của sản phẩm, Kỹ thuật viên của Công ty Pico sẽ trực tiếp khắc phục sự cố tại nhà hoặc thay mặt Quý khách mang sản phẩm tới Trung Tâm Bảo Hành của Hãng hoặc thông báo với Hãng để đến bảo hành sản phẩm cho Quý khách.',24,'mới',5),(2,2,'22490000',NULL,'1 đổi 1 (cùng mẫu, cùng màu, cùng dung lượng…). Trường hợp sản phẩm đổi hết hàng, khách hàng có thể đổi sang sản phẩm khác cùng nhóm hàng có giá trị lớn hơn 50% giá trị sản phẩm lỗi hoặc hoàn lại tiền máy với mức giá bằng 80% giá trên hoá đơn hoặc theo giá bán hiện tại của sản phẩm đổi trả (đã qua sử dụng) cùng model, cùng tháng bảo hành được niêm yết',24,'mới',5),(2,3,'20490000',NULL,'1 đổi 1 (cùng mẫu, cùng màu, cùng dung lượng…). Trường hợp sản phẩm đổi hết hàng, khách hàng có thể đổi sang sản phẩm khác cùng nhóm hàng có giá trị lớn hơn 50% giá trị sản phẩm lỗi hoặc hoàn lại tiền máy với mức giá bằng 80% giá trên hoá đơn hoặc theo giá bán hiện tại của sản phẩm đổi trả (đã qua sử dụng) cùng model, cùng tháng bảo hành được niêm yết',24,'mới',5),(2,4,'18490000',NULL,'1 đổi 1 (cùng mẫu, cùng màu, cùng dung lượng…). Trường hợp sản phẩm đổi hết hàng, khách hàng có thể đổi sang sản phẩm khác cùng nhóm hàng có giá trị lớn hơn 50% giá trị sản phẩm lỗi hoặc hoàn lại tiền máy với mức giá bằng 80% giá trên hoá đơn hoặc theo giá bán hiện tại của sản phẩm đổi trả (đã qua sử dụng) cùng model, cùng tháng bảo hành được niêm yết',24,'mới',5),(2,5,'11490000',NULL,'1 đổi 1 (cùng mẫu, cùng màu, cùng dung lượng…). Trường hợp sản phẩm đổi hết hàng, khách hàng có thể đổi sang sản phẩm khác cùng nhóm hàng có giá trị lớn hơn 50% giá trị sản phẩm lỗi hoặc hoàn lại tiền máy với mức giá bằng 80% giá trên hoá đơn hoặc theo giá bán hiện tại của sản phẩm đổi trả (đã qua sử dụng) cùng model, cùng tháng bảo hành được niêm yết',24,'mới',5),(2,6,'9990000',NULL,'1 đổi 1 (cùng mẫu, cùng màu, cùng dung lượng…). Trường hợp sản phẩm đổi hết hàng, khách hàng có thể đổi sang sản phẩm khác cùng nhóm hàng có giá trị lớn hơn 50% giá trị sản phẩm lỗi hoặc hoàn lại tiền máy với mức giá bằng 80% giá trên hoá đơn hoặc theo giá bán hiện tại của sản phẩm đổi trả (đã qua sử dụng) cùng model, cùng tháng bảo hành được niêm yết',24,'mới',5),(2,7,'8690000',NULL,'1 đổi 1 (cùng mẫu, cùng màu, cùng dung lượng…). Trường hợp sản phẩm đổi hết hàng, khách hàng có thể đổi sang sản phẩm khác cùng nhóm hàng có giá trị lớn hơn 50% giá trị sản phẩm lỗi hoặc hoàn lại tiền máy với mức giá bằng 80% giá trên hoá đơn hoặc theo giá bán hiện tại của sản phẩm đổi trả (đã qua sử dụng) cùng model, cùng tháng bảo hành được niêm yết',24,'mới',5),(2,8,'7990000',NULL,'1 đổi 1 (cùng mẫu, cùng màu, cùng dung lượng…). Trường hợp sản phẩm đổi hết hàng, khách hàng có thể đổi sang sản phẩm khác cùng nhóm hàng có giá trị lớn hơn 50% giá trị sản phẩm lỗi hoặc hoàn lại tiền máy với mức giá bằng 80% giá trên hoá đơn hoặc theo giá bán hiện tại của sản phẩm đổi trả (đã qua sử dụng) cùng model, cùng tháng bảo hành được niêm yết',24,'mới',5),(2,9,'6990000',NULL,'1 đổi 1 (cùng mẫu, cùng màu, cùng dung lượng…). Trường hợp sản phẩm đổi hết hàng, khách hàng có thể đổi sang sản phẩm khác cùng nhóm hàng có giá trị lớn hơn 50% giá trị sản phẩm lỗi hoặc hoàn lại tiền máy với mức giá bằng 80% giá trên hoá đơn hoặc theo giá bán hiện tại của sản phẩm đổi trả (đã qua sử dụng) cùng model, cùng tháng bảo hành được niêm yết',24,'mới',5),(2,10,'5490000',NULL,'1 đổi 1 (cùng mẫu, cùng màu, cùng dung lượng…). Trường hợp sản phẩm đổi hết hàng, khách hàng có thể đổi sang sản phẩm khác cùng nhóm hàng có giá trị lớn hơn 50% giá trị sản phẩm lỗi hoặc hoàn lại tiền máy với mức giá bằng 80% giá trên hoá đơn hoặc theo giá bán hiện tại của sản phẩm đổi trả (đã qua sử dụng) cùng model, cùng tháng bảo hành được niêm yết',24,'mới',5),(2,11,NULL,NULL,'1 đổi 1 (cùng mẫu, cùng màu, cùng dung lượng…). Trường hợp sản phẩm đổi hết hàng, khách hàng có thể đổi sang sản phẩm khác cùng nhóm hàng có giá trị lớn hơn 50% giá trị sản phẩm lỗi hoặc hoàn lại tiền máy với mức giá bằng 80% giá trên hoá đơn hoặc theo giá bán hiện tại của sản phẩm đổi trả (đã qua sử dụng) cùng model, cùng tháng bảo hành được niêm yết',24,'mới',5),(2,12,NULL,NULL,'1 đổi 1 (cùng mẫu, cùng màu, cùng dung lượng…). Trường hợp sản phẩm đổi hết hàng, khách hàng có thể đổi sang sản phẩm khác cùng nhóm hàng có giá trị lớn hơn 50% giá trị sản phẩm lỗi hoặc hoàn lại tiền máy với mức giá bằng 80% giá trên hoá đơn hoặc theo giá bán hiện tại của sản phẩm đổi trả (đã qua sử dụng) cùng model, cùng tháng bảo hành được niêm yết',24,'mới',5),(2,13,NULL,NULL,'1 đổi 1 (cùng mẫu, cùng màu, cùng dung lượng…). Trường hợp sản phẩm đổi hết hàng, khách hàng có thể đổi sang sản phẩm khác cùng nhóm hàng có giá trị lớn hơn 50% giá trị sản phẩm lỗi hoặc hoàn lại tiền máy với mức giá bằng 80% giá trên hoá đơn hoặc theo giá bán hiện tại của sản phẩm đổi trả (đã qua sử dụng) cùng model, cùng tháng bảo hành được niêm yết',24,'mới',5),(2,14,NULL,NULL,'1 đổi 1 (cùng mẫu, cùng màu, cùng dung lượng…). Trường hợp sản phẩm đổi hết hàng, khách hàng có thể đổi sang sản phẩm khác cùng nhóm hàng có giá trị lớn hơn 50% giá trị sản phẩm lỗi hoặc hoàn lại tiền máy với mức giá bằng 80% giá trên hoá đơn hoặc theo giá bán hiện tại của sản phẩm đổi trả (đã qua sử dụng) cùng model, cùng tháng bảo hành được niêm yết',24,'mới',5),(2,15,NULL,NULL,'1 đổi 1 (cùng mẫu, cùng màu, cùng dung lượng…). Trường hợp sản phẩm đổi hết hàng, khách hàng có thể đổi sang sản phẩm khác cùng nhóm hàng có giá trị lớn hơn 50% giá trị sản phẩm lỗi hoặc hoàn lại tiền máy với mức giá bằng 80% giá trên hoá đơn hoặc theo giá bán hiện tại của sản phẩm đổi trả (đã qua sử dụng) cùng model, cùng tháng bảo hành được niêm yết',24,'mới',5),(2,16,NULL,NULL,'1 đổi 1 (cùng mẫu, cùng màu, cùng dung lượng…). Trường hợp sản phẩm đổi hết hàng, khách hàng có thể đổi sang sản phẩm khác cùng nhóm hàng có giá trị lớn hơn 50% giá trị sản phẩm lỗi hoặc hoàn lại tiền máy với mức giá bằng 80% giá trên hoá đơn hoặc theo giá bán hiện tại của sản phẩm đổi trả (đã qua sử dụng) cùng model, cùng tháng bảo hành được niêm yết',24,'mới',5),(2,17,NULL,NULL,'1 đổi 1 (cùng mẫu, cùng màu, cùng dung lượng…). Trường hợp sản phẩm đổi hết hàng, khách hàng có thể đổi sang sản phẩm khác cùng nhóm hàng có giá trị lớn hơn 50% giá trị sản phẩm lỗi hoặc hoàn lại tiền máy với mức giá bằng 80% giá trên hoá đơn hoặc theo giá bán hiện tại của sản phẩm đổi trả (đã qua sử dụng) cùng model, cùng tháng bảo hành được niêm yết',24,'mới',5),(2,18,NULL,NULL,'1 đổi 1 (cùng mẫu, cùng màu, cùng dung lượng…). Trường hợp sản phẩm đổi hết hàng, khách hàng có thể đổi sang sản phẩm khác cùng nhóm hàng có giá trị lớn hơn 50% giá trị sản phẩm lỗi hoặc hoàn lại tiền máy với mức giá bằng 80% giá trên hoá đơn hoặc theo giá bán hiện tại của sản phẩm đổi trả (đã qua sử dụng) cùng model, cùng tháng bảo hành được niêm yết',24,'mới',5),(2,19,NULL,NULL,'1 đổi 1 (cùng mẫu, cùng màu, cùng dung lượng…). Trường hợp sản phẩm đổi hết hàng, khách hàng có thể đổi sang sản phẩm khác cùng nhóm hàng có giá trị lớn hơn 50% giá trị sản phẩm lỗi hoặc hoàn lại tiền máy với mức giá bằng 80% giá trên hoá đơn hoặc theo giá bán hiện tại của sản phẩm đổi trả (đã qua sử dụng) cùng model, cùng tháng bảo hành được niêm yết',24,'mới',5),(2,20,NULL,NULL,'1 đổi 1 (cùng mẫu, cùng màu, cùng dung lượng…). Trường hợp sản phẩm đổi hết hàng, khách hàng có thể đổi sang sản phẩm khác cùng nhóm hàng có giá trị lớn hơn 50% giá trị sản phẩm lỗi hoặc hoàn lại tiền máy với mức giá bằng 80% giá trên hoá đơn hoặc theo giá bán hiện tại của sản phẩm đổi trả (đã qua sử dụng) cùng model, cùng tháng bảo hành được niêm yết',24,'mới',5),(2,21,NULL,NULL,'1 đổi 1 (cùng mẫu, cùng màu, cùng dung lượng…). Trường hợp sản phẩm đổi hết hàng, khách hàng có thể đổi sang sản phẩm khác cùng nhóm hàng có giá trị lớn hơn 50% giá trị sản phẩm lỗi hoặc hoàn lại tiền máy với mức giá bằng 80% giá trên hoá đơn hoặc theo giá bán hiện tại của sản phẩm đổi trả (đã qua sử dụng) cùng model, cùng tháng bảo hành được niêm yết',24,'mới',5),(2,22,NULL,NULL,'1 đổi 1 (cùng mẫu, cùng màu, cùng dung lượng…). Trường hợp sản phẩm đổi hết hàng, khách hàng có thể đổi sang sản phẩm khác cùng nhóm hàng có giá trị lớn hơn 50% giá trị sản phẩm lỗi hoặc hoàn lại tiền máy với mức giá bằng 80% giá trên hoá đơn hoặc theo giá bán hiện tại của sản phẩm đổi trả (đã qua sử dụng) cùng model, cùng tháng bảo hành được niêm yết',24,'mới',5),(2,23,NULL,NULL,'1 đổi 1 (cùng mẫu, cùng màu, cùng dung lượng…). Trường hợp sản phẩm đổi hết hàng, khách hàng có thể đổi sang sản phẩm khác cùng nhóm hàng có giá trị lớn hơn 50% giá trị sản phẩm lỗi hoặc hoàn lại tiền máy với mức giá bằng 80% giá trên hoá đơn hoặc theo giá bán hiện tại của sản phẩm đổi trả (đã qua sử dụng) cùng model, cùng tháng bảo hành được niêm yết',24,'mới',5),(2,24,NULL,NULL,'1 đổi 1 (cùng mẫu, cùng màu, cùng dung lượng…). Trường hợp sản phẩm đổi hết hàng, khách hàng có thể đổi sang sản phẩm khác cùng nhóm hàng có giá trị lớn hơn 50% giá trị sản phẩm lỗi hoặc hoàn lại tiền máy với mức giá bằng 80% giá trên hoá đơn hoặc theo giá bán hiện tại của sản phẩm đổi trả (đã qua sử dụng) cùng model, cùng tháng bảo hành được niêm yết',24,'mới',5),(2,25,NULL,NULL,'1 đổi 1 (cùng mẫu, cùng màu, cùng dung lượng…). Trường hợp sản phẩm đổi hết hàng, khách hàng có thể đổi sang sản phẩm khác cùng nhóm hàng có giá trị lớn hơn 50% giá trị sản phẩm lỗi hoặc hoàn lại tiền máy với mức giá bằng 80% giá trên hoá đơn hoặc theo giá bán hiện tại của sản phẩm đổi trả (đã qua sử dụng) cùng model, cùng tháng bảo hành được niêm yết',24,'mới',5),(2,26,NULL,NULL,'1 đổi 1 (cùng mẫu, cùng màu, cùng dung lượng…). Trường hợp sản phẩm đổi hết hàng, khách hàng có thể đổi sang sản phẩm khác cùng nhóm hàng có giá trị lớn hơn 50% giá trị sản phẩm lỗi hoặc hoàn lại tiền máy với mức giá bằng 80% giá trên hoá đơn hoặc theo giá bán hiện tại của sản phẩm đổi trả (đã qua sử dụng) cùng model, cùng tháng bảo hành được niêm yết',24,'mới',5),(2,27,NULL,NULL,'1 đổi 1 (cùng mẫu, cùng màu, cùng dung lượng…). Trường hợp sản phẩm đổi hết hàng, khách hàng có thể đổi sang sản phẩm khác cùng nhóm hàng có giá trị lớn hơn 50% giá trị sản phẩm lỗi hoặc hoàn lại tiền máy với mức giá bằng 80% giá trên hoá đơn hoặc theo giá bán hiện tại của sản phẩm đổi trả (đã qua sử dụng) cùng model, cùng tháng bảo hành được niêm yết',24,'mới',5),(2,28,NULL,NULL,'1 đổi 1 (cùng mẫu, cùng màu, cùng dung lượng…). Trường hợp sản phẩm đổi hết hàng, khách hàng có thể đổi sang sản phẩm khác cùng nhóm hàng có giá trị lớn hơn 50% giá trị sản phẩm lỗi hoặc hoàn lại tiền máy với mức giá bằng 80% giá trên hoá đơn hoặc theo giá bán hiện tại của sản phẩm đổi trả (đã qua sử dụng) cùng model, cùng tháng bảo hành được niêm yết',24,'mới',5),(2,29,NULL,NULL,'1 đổi 1 (cùng mẫu, cùng màu, cùng dung lượng…). Trường hợp sản phẩm đổi hết hàng, khách hàng có thể đổi sang sản phẩm khác cùng nhóm hàng có giá trị lớn hơn 50% giá trị sản phẩm lỗi hoặc hoàn lại tiền máy với mức giá bằng 80% giá trên hoá đơn hoặc theo giá bán hiện tại của sản phẩm đổi trả (đã qua sử dụng) cùng model, cùng tháng bảo hành được niêm yết',24,'mới',5),(2,30,NULL,NULL,'1 đổi 1 (cùng mẫu, cùng màu, cùng dung lượng…). Trường hợp sản phẩm đổi hết hàng, khách hàng có thể đổi sang sản phẩm khác cùng nhóm hàng có giá trị lớn hơn 50% giá trị sản phẩm lỗi hoặc hoàn lại tiền máy với mức giá bằng 80% giá trên hoá đơn hoặc theo giá bán hiện tại của sản phẩm đổi trả (đã qua sử dụng) cùng model, cùng tháng bảo hành được niêm yết',24,'mới',5),(2,31,NULL,NULL,'1 đổi 1 (cùng mẫu, cùng màu, cùng dung lượng…). Trường hợp sản phẩm đổi hết hàng, khách hàng có thể đổi sang sản phẩm khác cùng nhóm hàng có giá trị lớn hơn 50% giá trị sản phẩm lỗi hoặc hoàn lại tiền máy với mức giá bằng 80% giá trên hoá đơn hoặc theo giá bán hiện tại của sản phẩm đổi trả (đã qua sử dụng) cùng model, cùng tháng bảo hành được niêm yết',24,'mới',5),(2,32,NULL,NULL,'1 đổi 1 (cùng mẫu, cùng màu, cùng dung lượng…). Trường hợp sản phẩm đổi hết hàng, khách hàng có thể đổi sang sản phẩm khác cùng nhóm hàng có giá trị lớn hơn 50% giá trị sản phẩm lỗi hoặc hoàn lại tiền máy với mức giá bằng 80% giá trên hoá đơn hoặc theo giá bán hiện tại của sản phẩm đổi trả (đã qua sử dụng) cùng model, cùng tháng bảo hành được niêm yết',24,'mới',5),(2,33,NULL,NULL,'1 đổi 1 (cùng mẫu, cùng màu, cùng dung lượng…). Trường hợp sản phẩm đổi hết hàng, khách hàng có thể đổi sang sản phẩm khác cùng nhóm hàng có giá trị lớn hơn 50% giá trị sản phẩm lỗi hoặc hoàn lại tiền máy với mức giá bằng 80% giá trên hoá đơn hoặc theo giá bán hiện tại của sản phẩm đổi trả (đã qua sử dụng) cùng model, cùng tháng bảo hành được niêm yết',24,'mới',5),(2,34,NULL,NULL,'1 đổi 1 (cùng mẫu, cùng màu, cùng dung lượng…). Trường hợp sản phẩm đổi hết hàng, khách hàng có thể đổi sang sản phẩm khác cùng nhóm hàng có giá trị lớn hơn 50% giá trị sản phẩm lỗi hoặc hoàn lại tiền máy với mức giá bằng 80% giá trên hoá đơn hoặc theo giá bán hiện tại của sản phẩm đổi trả (đã qua sử dụng) cùng model, cùng tháng bảo hành được niêm yết',24,'mới',5),(2,35,NULL,NULL,'1 đổi 1 (cùng mẫu, cùng màu, cùng dung lượng…). Trường hợp sản phẩm đổi hết hàng, khách hàng có thể đổi sang sản phẩm khác cùng nhóm hàng có giá trị lớn hơn 50% giá trị sản phẩm lỗi hoặc hoàn lại tiền máy với mức giá bằng 80% giá trên hoá đơn hoặc theo giá bán hiện tại của sản phẩm đổi trả (đã qua sử dụng) cùng model, cùng tháng bảo hành được niêm yết',24,'mới',5),(2,36,NULL,NULL,'1 đổi 1 (cùng mẫu, cùng màu, cùng dung lượng…). Trường hợp sản phẩm đổi hết hàng, khách hàng có thể đổi sang sản phẩm khác cùng nhóm hàng có giá trị lớn hơn 50% giá trị sản phẩm lỗi hoặc hoàn lại tiền máy với mức giá bằng 80% giá trên hoá đơn hoặc theo giá bán hiện tại của sản phẩm đổi trả (đã qua sử dụng) cùng model, cùng tháng bảo hành được niêm yết',24,'mới',5),(2,37,NULL,NULL,'1 đổi 1 (cùng mẫu, cùng màu, cùng dung lượng…). Trường hợp sản phẩm đổi hết hàng, khách hàng có thể đổi sang sản phẩm khác cùng nhóm hàng có giá trị lớn hơn 50% giá trị sản phẩm lỗi hoặc hoàn lại tiền máy với mức giá bằng 80% giá trên hoá đơn hoặc theo giá bán hiện tại của sản phẩm đổi trả (đã qua sử dụng) cùng model, cùng tháng bảo hành được niêm yết',24,'mới',5),(2,38,NULL,NULL,'1 đổi 1 (cùng mẫu, cùng màu, cùng dung lượng…). Trường hợp sản phẩm đổi hết hàng, khách hàng có thể đổi sang sản phẩm khác cùng nhóm hàng có giá trị lớn hơn 50% giá trị sản phẩm lỗi hoặc hoàn lại tiền máy với mức giá bằng 80% giá trên hoá đơn hoặc theo giá bán hiện tại của sản phẩm đổi trả (đã qua sử dụng) cùng model, cùng tháng bảo hành được niêm yết',24,'mới',5),(2,39,NULL,NULL,'1 đổi 1 (cùng mẫu, cùng màu, cùng dung lượng…). Trường hợp sản phẩm đổi hết hàng, khách hàng có thể đổi sang sản phẩm khác cùng nhóm hàng có giá trị lớn hơn 50% giá trị sản phẩm lỗi hoặc hoàn lại tiền máy với mức giá bằng 80% giá trên hoá đơn hoặc theo giá bán hiện tại của sản phẩm đổi trả (đã qua sử dụng) cùng model, cùng tháng bảo hành được niêm yết',24,'mới',5),(2,40,NULL,NULL,'1 đổi 1 (cùng mẫu, cùng màu, cùng dung lượng…). Trường hợp sản phẩm đổi hết hàng, khách hàng có thể đổi sang sản phẩm khác cùng nhóm hàng có giá trị lớn hơn 50% giá trị sản phẩm lỗi hoặc hoàn lại tiền máy với mức giá bằng 80% giá trên hoá đơn hoặc theo giá bán hiện tại của sản phẩm đổi trả (đã qua sử dụng) cùng model, cùng tháng bảo hành được niêm yết',24,'mới',5),(2,41,NULL,NULL,'1 đổi 1 (cùng mẫu, cùng màu, cùng dung lượng…). Trường hợp sản phẩm đổi hết hàng, khách hàng có thể đổi sang sản phẩm khác cùng nhóm hàng có giá trị lớn hơn 50% giá trị sản phẩm lỗi hoặc hoàn lại tiền máy với mức giá bằng 80% giá trên hoá đơn hoặc theo giá bán hiện tại của sản phẩm đổi trả (đã qua sử dụng) cùng model, cùng tháng bảo hành được niêm yết',24,'mới',5),(2,42,NULL,NULL,'1 đổi 1 (cùng mẫu, cùng màu, cùng dung lượng…). Trường hợp sản phẩm đổi hết hàng, khách hàng có thể đổi sang sản phẩm khác cùng nhóm hàng có giá trị lớn hơn 50% giá trị sản phẩm lỗi hoặc hoàn lại tiền máy với mức giá bằng 80% giá trên hoá đơn hoặc theo giá bán hiện tại của sản phẩm đổi trả (đã qua sử dụng) cùng model, cùng tháng bảo hành được niêm yết',24,'mới',5),(2,43,NULL,NULL,'1 đổi 1 (cùng mẫu, cùng màu, cùng dung lượng…). Trường hợp sản phẩm đổi hết hàng, khách hàng có thể đổi sang sản phẩm khác cùng nhóm hàng có giá trị lớn hơn 50% giá trị sản phẩm lỗi hoặc hoàn lại tiền máy với mức giá bằng 80% giá trên hoá đơn hoặc theo giá bán hiện tại của sản phẩm đổi trả (đã qua sử dụng) cùng model, cùng tháng bảo hành được niêm yết',24,'mới',5),(2,44,NULL,NULL,'1 đổi 1 (cùng mẫu, cùng màu, cùng dung lượng…). Trường hợp sản phẩm đổi hết hàng, khách hàng có thể đổi sang sản phẩm khác cùng nhóm hàng có giá trị lớn hơn 50% giá trị sản phẩm lỗi hoặc hoàn lại tiền máy với mức giá bằng 80% giá trên hoá đơn hoặc theo giá bán hiện tại của sản phẩm đổi trả (đã qua sử dụng) cùng model, cùng tháng bảo hành được niêm yết',24,'mới',5),(2,45,NULL,NULL,'1 đổi 1 (cùng mẫu, cùng màu, cùng dung lượng…). Trường hợp sản phẩm đổi hết hàng, khách hàng có thể đổi sang sản phẩm khác cùng nhóm hàng có giá trị lớn hơn 50% giá trị sản phẩm lỗi hoặc hoàn lại tiền máy với mức giá bằng 80% giá trên hoá đơn hoặc theo giá bán hiện tại của sản phẩm đổi trả (đã qua sử dụng) cùng model, cùng tháng bảo hành được niêm yết',24,'mới',5),(2,46,NULL,NULL,'1 đổi 1 (cùng mẫu, cùng màu, cùng dung lượng…). Trường hợp sản phẩm đổi hết hàng, khách hàng có thể đổi sang sản phẩm khác cùng nhóm hàng có giá trị lớn hơn 50% giá trị sản phẩm lỗi hoặc hoàn lại tiền máy với mức giá bằng 80% giá trên hoá đơn hoặc theo giá bán hiện tại của sản phẩm đổi trả (đã qua sử dụng) cùng model, cùng tháng bảo hành được niêm yết',24,'mới',5),(2,47,NULL,NULL,'1 đổi 1 (cùng mẫu, cùng màu, cùng dung lượng…). Trường hợp sản phẩm đổi hết hàng, khách hàng có thể đổi sang sản phẩm khác cùng nhóm hàng có giá trị lớn hơn 50% giá trị sản phẩm lỗi hoặc hoàn lại tiền máy với mức giá bằng 80% giá trên hoá đơn hoặc theo giá bán hiện tại của sản phẩm đổi trả (đã qua sử dụng) cùng model, cùng tháng bảo hành được niêm yết',24,'mới',5),(2,48,NULL,NULL,'1 đổi 1 (cùng mẫu, cùng màu, cùng dung lượng…). Trường hợp sản phẩm đổi hết hàng, khách hàng có thể đổi sang sản phẩm khác cùng nhóm hàng có giá trị lớn hơn 50% giá trị sản phẩm lỗi hoặc hoàn lại tiền máy với mức giá bằng 80% giá trên hoá đơn hoặc theo giá bán hiện tại của sản phẩm đổi trả (đã qua sử dụng) cùng model, cùng tháng bảo hành được niêm yết',24,'mới',5),(2,49,NULL,NULL,'1 đổi 1 (cùng mẫu, cùng màu, cùng dung lượng…). Trường hợp sản phẩm đổi hết hàng, khách hàng có thể đổi sang sản phẩm khác cùng nhóm hàng có giá trị lớn hơn 50% giá trị sản phẩm lỗi hoặc hoàn lại tiền máy với mức giá bằng 80% giá trên hoá đơn hoặc theo giá bán hiện tại của sản phẩm đổi trả (đã qua sử dụng) cùng model, cùng tháng bảo hành được niêm yết',24,'mới',5),(2,50,NULL,NULL,'1 đổi 1 (cùng mẫu, cùng màu, cùng dung lượng…). Trường hợp sản phẩm đổi hết hàng, khách hàng có thể đổi sang sản phẩm khác cùng nhóm hàng có giá trị lớn hơn 50% giá trị sản phẩm lỗi hoặc hoàn lại tiền máy với mức giá bằng 80% giá trên hoá đơn hoặc theo giá bán hiện tại của sản phẩm đổi trả (đã qua sử dụng) cùng model, cùng tháng bảo hành được niêm yết',24,'mới',5),(2,51,NULL,NULL,'1 đổi 1 (cùng mẫu, cùng màu, cùng dung lượng…). Trường hợp sản phẩm đổi hết hàng, khách hàng có thể đổi sang sản phẩm khác cùng nhóm hàng có giá trị lớn hơn 50% giá trị sản phẩm lỗi hoặc hoàn lại tiền máy với mức giá bằng 80% giá trên hoá đơn hoặc theo giá bán hiện tại của sản phẩm đổi trả (đã qua sử dụng) cùng model, cùng tháng bảo hành được niêm yết',24,'mới',5),(2,52,NULL,NULL,'1 đổi 1 (cùng mẫu, cùng màu, cùng dung lượng…). Trường hợp sản phẩm đổi hết hàng, khách hàng có thể đổi sang sản phẩm khác cùng nhóm hàng có giá trị lớn hơn 50% giá trị sản phẩm lỗi hoặc hoàn lại tiền máy với mức giá bằng 80% giá trên hoá đơn hoặc theo giá bán hiện tại của sản phẩm đổi trả (đã qua sử dụng) cùng model, cùng tháng bảo hành được niêm yết',24,'mới',5),(2,53,NULL,NULL,'1 đổi 1 (cùng mẫu, cùng màu, cùng dung lượng…). Trường hợp sản phẩm đổi hết hàng, khách hàng có thể đổi sang sản phẩm khác cùng nhóm hàng có giá trị lớn hơn 50% giá trị sản phẩm lỗi hoặc hoàn lại tiền máy với mức giá bằng 80% giá trên hoá đơn hoặc theo giá bán hiện tại của sản phẩm đổi trả (đã qua sử dụng) cùng model, cùng tháng bảo hành được niêm yết',24,'mới',5),(2,54,NULL,NULL,'1 đổi 1 (cùng mẫu, cùng màu, cùng dung lượng…). Trường hợp sản phẩm đổi hết hàng, khách hàng có thể đổi sang sản phẩm khác cùng nhóm hàng có giá trị lớn hơn 50% giá trị sản phẩm lỗi hoặc hoàn lại tiền máy với mức giá bằng 80% giá trên hoá đơn hoặc theo giá bán hiện tại của sản phẩm đổi trả (đã qua sử dụng) cùng model, cùng tháng bảo hành được niêm yết',24,'mới',5),(2,55,NULL,NULL,'1 đổi 1 (cùng mẫu, cùng màu, cùng dung lượng…). Trường hợp sản phẩm đổi hết hàng, khách hàng có thể đổi sang sản phẩm khác cùng nhóm hàng có giá trị lớn hơn 50% giá trị sản phẩm lỗi hoặc hoàn lại tiền máy với mức giá bằng 80% giá trên hoá đơn hoặc theo giá bán hiện tại của sản phẩm đổi trả (đã qua sử dụng) cùng model, cùng tháng bảo hành được niêm yết',24,'mới',5),(2,56,NULL,NULL,'1 đổi 1 (cùng mẫu, cùng màu, cùng dung lượng…). Trường hợp sản phẩm đổi hết hàng, khách hàng có thể đổi sang sản phẩm khác cùng nhóm hàng có giá trị lớn hơn 50% giá trị sản phẩm lỗi hoặc hoàn lại tiền máy với mức giá bằng 80% giá trên hoá đơn hoặc theo giá bán hiện tại của sản phẩm đổi trả (đã qua sử dụng) cùng model, cùng tháng bảo hành được niêm yết',24,'mới',5),(2,57,NULL,NULL,'1 đổi 1 (cùng mẫu, cùng màu, cùng dung lượng…). Trường hợp sản phẩm đổi hết hàng, khách hàng có thể đổi sang sản phẩm khác cùng nhóm hàng có giá trị lớn hơn 50% giá trị sản phẩm lỗi hoặc hoàn lại tiền máy với mức giá bằng 80% giá trên hoá đơn hoặc theo giá bán hiện tại của sản phẩm đổi trả (đã qua sử dụng) cùng model, cùng tháng bảo hành được niêm yết',24,'mới',5),(2,58,NULL,NULL,'1 đổi 1 (cùng mẫu, cùng màu, cùng dung lượng…). Trường hợp sản phẩm đổi hết hàng, khách hàng có thể đổi sang sản phẩm khác cùng nhóm hàng có giá trị lớn hơn 50% giá trị sản phẩm lỗi hoặc hoàn lại tiền máy với mức giá bằng 80% giá trên hoá đơn hoặc theo giá bán hiện tại của sản phẩm đổi trả (đã qua sử dụng) cùng model, cùng tháng bảo hành được niêm yết',24,'mới',5),(2,59,NULL,NULL,'1 đổi 1 (cùng mẫu, cùng màu, cùng dung lượng…). Trường hợp sản phẩm đổi hết hàng, khách hàng có thể đổi sang sản phẩm khác cùng nhóm hàng có giá trị lớn hơn 50% giá trị sản phẩm lỗi hoặc hoàn lại tiền máy với mức giá bằng 80% giá trên hoá đơn hoặc theo giá bán hiện tại của sản phẩm đổi trả (đã qua sử dụng) cùng model, cùng tháng bảo hành được niêm yết',24,'mới',5),(2,60,NULL,NULL,'1 đổi 1 (cùng mẫu, cùng màu, cùng dung lượng…). Trường hợp sản phẩm đổi hết hàng, khách hàng có thể đổi sang sản phẩm khác cùng nhóm hàng có giá trị lớn hơn 50% giá trị sản phẩm lỗi hoặc hoàn lại tiền máy với mức giá bằng 80% giá trên hoá đơn hoặc theo giá bán hiện tại của sản phẩm đổi trả (đã qua sử dụng) cùng model, cùng tháng bảo hành được niêm yết',24,'mới',5),(2,61,NULL,NULL,'1 đổi 1 (cùng mẫu, cùng màu, cùng dung lượng…). Trường hợp sản phẩm đổi hết hàng, khách hàng có thể đổi sang sản phẩm khác cùng nhóm hàng có giá trị lớn hơn 50% giá trị sản phẩm lỗi hoặc hoàn lại tiền máy với mức giá bằng 80% giá trên hoá đơn hoặc theo giá bán hiện tại của sản phẩm đổi trả (đã qua sử dụng) cùng model, cùng tháng bảo hành được niêm yết',24,'mới',5),(2,62,NULL,NULL,'1 đổi 1 (cùng mẫu, cùng màu, cùng dung lượng…). Trường hợp sản phẩm đổi hết hàng, khách hàng có thể đổi sang sản phẩm khác cùng nhóm hàng có giá trị lớn hơn 50% giá trị sản phẩm lỗi hoặc hoàn lại tiền máy với mức giá bằng 80% giá trên hoá đơn hoặc theo giá bán hiện tại của sản phẩm đổi trả (đã qua sử dụng) cùng model, cùng tháng bảo hành được niêm yết',24,'mới',5),(2,63,NULL,NULL,'1 đổi 1 (cùng mẫu, cùng màu, cùng dung lượng…). Trường hợp sản phẩm đổi hết hàng, khách hàng có thể đổi sang sản phẩm khác cùng nhóm hàng có giá trị lớn hơn 50% giá trị sản phẩm lỗi hoặc hoàn lại tiền máy với mức giá bằng 80% giá trên hoá đơn hoặc theo giá bán hiện tại của sản phẩm đổi trả (đã qua sử dụng) cùng model, cùng tháng bảo hành được niêm yết',24,'mới',5),(2,64,NULL,NULL,'1 đổi 1 (cùng mẫu, cùng màu, cùng dung lượng…). Trường hợp sản phẩm đổi hết hàng, khách hàng có thể đổi sang sản phẩm khác cùng nhóm hàng có giá trị lớn hơn 50% giá trị sản phẩm lỗi hoặc hoàn lại tiền máy với mức giá bằng 80% giá trên hoá đơn hoặc theo giá bán hiện tại của sản phẩm đổi trả (đã qua sử dụng) cùng model, cùng tháng bảo hành được niêm yết',24,'mới',5),(2,65,NULL,NULL,'1 đổi 1 (cùng mẫu, cùng màu, cùng dung lượng…). Trường hợp sản phẩm đổi hết hàng, khách hàng có thể đổi sang sản phẩm khác cùng nhóm hàng có giá trị lớn hơn 50% giá trị sản phẩm lỗi hoặc hoàn lại tiền máy với mức giá bằng 80% giá trên hoá đơn hoặc theo giá bán hiện tại của sản phẩm đổi trả (đã qua sử dụng) cùng model, cùng tháng bảo hành được niêm yết',24,'mới',5),(2,66,NULL,NULL,'1 đổi 1 (cùng mẫu, cùng màu, cùng dung lượng…). Trường hợp sản phẩm đổi hết hàng, khách hàng có thể đổi sang sản phẩm khác cùng nhóm hàng có giá trị lớn hơn 50% giá trị sản phẩm lỗi hoặc hoàn lại tiền máy với mức giá bằng 80% giá trên hoá đơn hoặc theo giá bán hiện tại của sản phẩm đổi trả (đã qua sử dụng) cùng model, cùng tháng bảo hành được niêm yết',24,'mới',5),(2,67,NULL,NULL,'1 đổi 1 (cùng mẫu, cùng màu, cùng dung lượng…). Trường hợp sản phẩm đổi hết hàng, khách hàng có thể đổi sang sản phẩm khác cùng nhóm hàng có giá trị lớn hơn 50% giá trị sản phẩm lỗi hoặc hoàn lại tiền máy với mức giá bằng 80% giá trên hoá đơn hoặc theo giá bán hiện tại của sản phẩm đổi trả (đã qua sử dụng) cùng model, cùng tháng bảo hành được niêm yết',24,'mới',5),(2,68,NULL,NULL,'1 đổi 1 (cùng mẫu, cùng màu, cùng dung lượng…). Trường hợp sản phẩm đổi hết hàng, khách hàng có thể đổi sang sản phẩm khác cùng nhóm hàng có giá trị lớn hơn 50% giá trị sản phẩm lỗi hoặc hoàn lại tiền máy với mức giá bằng 80% giá trên hoá đơn hoặc theo giá bán hiện tại của sản phẩm đổi trả (đã qua sử dụng) cùng model, cùng tháng bảo hành được niêm yết',24,'mới',5),(2,69,NULL,NULL,'1 đổi 1 (cùng mẫu, cùng màu, cùng dung lượng…). Trường hợp sản phẩm đổi hết hàng, khách hàng có thể đổi sang sản phẩm khác cùng nhóm hàng có giá trị lớn hơn 50% giá trị sản phẩm lỗi hoặc hoàn lại tiền máy với mức giá bằng 80% giá trên hoá đơn hoặc theo giá bán hiện tại của sản phẩm đổi trả (đã qua sử dụng) cùng model, cùng tháng bảo hành được niêm yết',24,'mới',5),(2,70,NULL,NULL,'1 đổi 1 (cùng mẫu, cùng màu, cùng dung lượng…). Trường hợp sản phẩm đổi hết hàng, khách hàng có thể đổi sang sản phẩm khác cùng nhóm hàng có giá trị lớn hơn 50% giá trị sản phẩm lỗi hoặc hoàn lại tiền máy với mức giá bằng 80% giá trên hoá đơn hoặc theo giá bán hiện tại của sản phẩm đổi trả (đã qua sử dụng) cùng model, cùng tháng bảo hành được niêm yết',24,'mới',5),(2,71,NULL,NULL,'1 đổi 1 (cùng mẫu, cùng màu, cùng dung lượng…). Trường hợp sản phẩm đổi hết hàng, khách hàng có thể đổi sang sản phẩm khác cùng nhóm hàng có giá trị lớn hơn 50% giá trị sản phẩm lỗi hoặc hoàn lại tiền máy với mức giá bằng 80% giá trên hoá đơn hoặc theo giá bán hiện tại của sản phẩm đổi trả (đã qua sử dụng) cùng model, cùng tháng bảo hành được niêm yết',24,'mới',5),(2,72,NULL,NULL,'1 đổi 1 (cùng mẫu, cùng màu, cùng dung lượng…). Trường hợp sản phẩm đổi hết hàng, khách hàng có thể đổi sang sản phẩm khác cùng nhóm hàng có giá trị lớn hơn 50% giá trị sản phẩm lỗi hoặc hoàn lại tiền máy với mức giá bằng 80% giá trên hoá đơn hoặc theo giá bán hiện tại của sản phẩm đổi trả (đã qua sử dụng) cùng model, cùng tháng bảo hành được niêm yết',24,'mới',5),(2,73,NULL,NULL,'1 đổi 1 (cùng mẫu, cùng màu, cùng dung lượng…). Trường hợp sản phẩm đổi hết hàng, khách hàng có thể đổi sang sản phẩm khác cùng nhóm hàng có giá trị lớn hơn 50% giá trị sản phẩm lỗi hoặc hoàn lại tiền máy với mức giá bằng 80% giá trên hoá đơn hoặc theo giá bán hiện tại của sản phẩm đổi trả (đã qua sử dụng) cùng model, cùng tháng bảo hành được niêm yết',24,'mới',5),(2,74,NULL,NULL,'1 đổi 1 (cùng mẫu, cùng màu, cùng dung lượng…). Trường hợp sản phẩm đổi hết hàng, khách hàng có thể đổi sang sản phẩm khác cùng nhóm hàng có giá trị lớn hơn 50% giá trị sản phẩm lỗi hoặc hoàn lại tiền máy với mức giá bằng 80% giá trên hoá đơn hoặc theo giá bán hiện tại của sản phẩm đổi trả (đã qua sử dụng) cùng model, cùng tháng bảo hành được niêm yết',24,'mới',5),(2,75,NULL,NULL,'1 đổi 1 (cùng mẫu, cùng màu, cùng dung lượng…). Trường hợp sản phẩm đổi hết hàng, khách hàng có thể đổi sang sản phẩm khác cùng nhóm hàng có giá trị lớn hơn 50% giá trị sản phẩm lỗi hoặc hoàn lại tiền máy với mức giá bằng 80% giá trên hoá đơn hoặc theo giá bán hiện tại của sản phẩm đổi trả (đã qua sử dụng) cùng model, cùng tháng bảo hành được niêm yết',24,'mới',5),(2,76,NULL,NULL,'1 đổi 1 (cùng mẫu, cùng màu, cùng dung lượng…). Trường hợp sản phẩm đổi hết hàng, khách hàng có thể đổi sang sản phẩm khác cùng nhóm hàng có giá trị lớn hơn 50% giá trị sản phẩm lỗi hoặc hoàn lại tiền máy với mức giá bằng 80% giá trên hoá đơn hoặc theo giá bán hiện tại của sản phẩm đổi trả (đã qua sử dụng) cùng model, cùng tháng bảo hành được niêm yết',24,'mới',5),(2,77,NULL,NULL,'1 đổi 1 (cùng mẫu, cùng màu, cùng dung lượng…). Trường hợp sản phẩm đổi hết hàng, khách hàng có thể đổi sang sản phẩm khác cùng nhóm hàng có giá trị lớn hơn 50% giá trị sản phẩm lỗi hoặc hoàn lại tiền máy với mức giá bằng 80% giá trên hoá đơn hoặc theo giá bán hiện tại của sản phẩm đổi trả (đã qua sử dụng) cùng model, cùng tháng bảo hành được niêm yết',24,'mới',5),(2,78,NULL,NULL,'1 đổi 1 (cùng mẫu, cùng màu, cùng dung lượng…). Trường hợp sản phẩm đổi hết hàng, khách hàng có thể đổi sang sản phẩm khác cùng nhóm hàng có giá trị lớn hơn 50% giá trị sản phẩm lỗi hoặc hoàn lại tiền máy với mức giá bằng 80% giá trên hoá đơn hoặc theo giá bán hiện tại của sản phẩm đổi trả (đã qua sử dụng) cùng model, cùng tháng bảo hành được niêm yết',24,'mới',5),(2,79,NULL,NULL,'1 đổi 1 (cùng mẫu, cùng màu, cùng dung lượng…). Trường hợp sản phẩm đổi hết hàng, khách hàng có thể đổi sang sản phẩm khác cùng nhóm hàng có giá trị lớn hơn 50% giá trị sản phẩm lỗi hoặc hoàn lại tiền máy với mức giá bằng 80% giá trên hoá đơn hoặc theo giá bán hiện tại của sản phẩm đổi trả (đã qua sử dụng) cùng model, cùng tháng bảo hành được niêm yết',24,'mới',5),(2,80,NULL,NULL,'1 đổi 1 (cùng mẫu, cùng màu, cùng dung lượng…). Trường hợp sản phẩm đổi hết hàng, khách hàng có thể đổi sang sản phẩm khác cùng nhóm hàng có giá trị lớn hơn 50% giá trị sản phẩm lỗi hoặc hoàn lại tiền máy với mức giá bằng 80% giá trên hoá đơn hoặc theo giá bán hiện tại của sản phẩm đổi trả (đã qua sử dụng) cùng model, cùng tháng bảo hành được niêm yết',24,'mới',5),(2,81,NULL,NULL,'1 đổi 1 (cùng mẫu, cùng màu, cùng dung lượng…). Trường hợp sản phẩm đổi hết hàng, khách hàng có thể đổi sang sản phẩm khác cùng nhóm hàng có giá trị lớn hơn 50% giá trị sản phẩm lỗi hoặc hoàn lại tiền máy với mức giá bằng 80% giá trên hoá đơn hoặc theo giá bán hiện tại của sản phẩm đổi trả (đã qua sử dụng) cùng model, cùng tháng bảo hành được niêm yết',24,'mới',5),(2,82,NULL,NULL,'1 đổi 1 (cùng mẫu, cùng màu, cùng dung lượng…). Trường hợp sản phẩm đổi hết hàng, khách hàng có thể đổi sang sản phẩm khác cùng nhóm hàng có giá trị lớn hơn 50% giá trị sản phẩm lỗi hoặc hoàn lại tiền máy với mức giá bằng 80% giá trên hoá đơn hoặc theo giá bán hiện tại của sản phẩm đổi trả (đã qua sử dụng) cùng model, cùng tháng bảo hành được niêm yết',24,'mới',5),(2,83,NULL,NULL,'1 đổi 1 (cùng mẫu, cùng màu, cùng dung lượng…). Trường hợp sản phẩm đổi hết hàng, khách hàng có thể đổi sang sản phẩm khác cùng nhóm hàng có giá trị lớn hơn 50% giá trị sản phẩm lỗi hoặc hoàn lại tiền máy với mức giá bằng 80% giá trên hoá đơn hoặc theo giá bán hiện tại của sản phẩm đổi trả (đã qua sử dụng) cùng model, cùng tháng bảo hành được niêm yết',24,'mới',5),(2,84,NULL,NULL,'1 đổi 1 (cùng mẫu, cùng màu, cùng dung lượng…). Trường hợp sản phẩm đổi hết hàng, khách hàng có thể đổi sang sản phẩm khác cùng nhóm hàng có giá trị lớn hơn 50% giá trị sản phẩm lỗi hoặc hoàn lại tiền máy với mức giá bằng 80% giá trên hoá đơn hoặc theo giá bán hiện tại của sản phẩm đổi trả (đã qua sử dụng) cùng model, cùng tháng bảo hành được niêm yết',24,'mới',5),(2,85,NULL,NULL,'1 đổi 1 (cùng mẫu, cùng màu, cùng dung lượng…). Trường hợp sản phẩm đổi hết hàng, khách hàng có thể đổi sang sản phẩm khác cùng nhóm hàng có giá trị lớn hơn 50% giá trị sản phẩm lỗi hoặc hoàn lại tiền máy với mức giá bằng 80% giá trên hoá đơn hoặc theo giá bán hiện tại của sản phẩm đổi trả (đã qua sử dụng) cùng model, cùng tháng bảo hành được niêm yết',24,'mới',5),(2,86,NULL,NULL,'1 đổi 1 (cùng mẫu, cùng màu, cùng dung lượng…). Trường hợp sản phẩm đổi hết hàng, khách hàng có thể đổi sang sản phẩm khác cùng nhóm hàng có giá trị lớn hơn 50% giá trị sản phẩm lỗi hoặc hoàn lại tiền máy với mức giá bằng 80% giá trên hoá đơn hoặc theo giá bán hiện tại của sản phẩm đổi trả (đã qua sử dụng) cùng model, cùng tháng bảo hành được niêm yết',24,'mới',5),(2,87,NULL,NULL,'1 đổi 1 (cùng mẫu, cùng màu, cùng dung lượng…). Trường hợp sản phẩm đổi hết hàng, khách hàng có thể đổi sang sản phẩm khác cùng nhóm hàng có giá trị lớn hơn 50% giá trị sản phẩm lỗi hoặc hoàn lại tiền máy với mức giá bằng 80% giá trên hoá đơn hoặc theo giá bán hiện tại của sản phẩm đổi trả (đã qua sử dụng) cùng model, cùng tháng bảo hành được niêm yết',24,'mới',5),(2,88,NULL,NULL,'1 đổi 1 (cùng mẫu, cùng màu, cùng dung lượng…). Trường hợp sản phẩm đổi hết hàng, khách hàng có thể đổi sang sản phẩm khác cùng nhóm hàng có giá trị lớn hơn 50% giá trị sản phẩm lỗi hoặc hoàn lại tiền máy với mức giá bằng 80% giá trên hoá đơn hoặc theo giá bán hiện tại của sản phẩm đổi trả (đã qua sử dụng) cùng model, cùng tháng bảo hành được niêm yết',24,'mới',5),(2,89,NULL,NULL,'1 đổi 1 (cùng mẫu, cùng màu, cùng dung lượng…). Trường hợp sản phẩm đổi hết hàng, khách hàng có thể đổi sang sản phẩm khác cùng nhóm hàng có giá trị lớn hơn 50% giá trị sản phẩm lỗi hoặc hoàn lại tiền máy với mức giá bằng 80% giá trên hoá đơn hoặc theo giá bán hiện tại của sản phẩm đổi trả (đã qua sử dụng) cùng model, cùng tháng bảo hành được niêm yết',24,'mới',5),(2,90,NULL,NULL,'1 đổi 1 (cùng mẫu, cùng màu, cùng dung lượng…). Trường hợp sản phẩm đổi hết hàng, khách hàng có thể đổi sang sản phẩm khác cùng nhóm hàng có giá trị lớn hơn 50% giá trị sản phẩm lỗi hoặc hoàn lại tiền máy với mức giá bằng 80% giá trên hoá đơn hoặc theo giá bán hiện tại của sản phẩm đổi trả (đã qua sử dụng) cùng model, cùng tháng bảo hành được niêm yết',24,'mới',5),(2,91,NULL,NULL,'1 đổi 1 (cùng mẫu, cùng màu, cùng dung lượng…). Trường hợp sản phẩm đổi hết hàng, khách hàng có thể đổi sang sản phẩm khác cùng nhóm hàng có giá trị lớn hơn 50% giá trị sản phẩm lỗi hoặc hoàn lại tiền máy với mức giá bằng 80% giá trên hoá đơn hoặc theo giá bán hiện tại của sản phẩm đổi trả (đã qua sử dụng) cùng model, cùng tháng bảo hành được niêm yết',24,'mới',5),(2,92,NULL,NULL,'1 đổi 1 (cùng mẫu, cùng màu, cùng dung lượng…). Trường hợp sản phẩm đổi hết hàng, khách hàng có thể đổi sang sản phẩm khác cùng nhóm hàng có giá trị lớn hơn 50% giá trị sản phẩm lỗi hoặc hoàn lại tiền máy với mức giá bằng 80% giá trên hoá đơn hoặc theo giá bán hiện tại của sản phẩm đổi trả (đã qua sử dụng) cùng model, cùng tháng bảo hành được niêm yết',24,'mới',5),(2,93,NULL,NULL,'1 đổi 1 (cùng mẫu, cùng màu, cùng dung lượng…). Trường hợp sản phẩm đổi hết hàng, khách hàng có thể đổi sang sản phẩm khác cùng nhóm hàng có giá trị lớn hơn 50% giá trị sản phẩm lỗi hoặc hoàn lại tiền máy với mức giá bằng 80% giá trên hoá đơn hoặc theo giá bán hiện tại của sản phẩm đổi trả (đã qua sử dụng) cùng model, cùng tháng bảo hành được niêm yết',24,'mới',5),(2,94,NULL,NULL,'1 đổi 1 (cùng mẫu, cùng màu, cùng dung lượng…). Trường hợp sản phẩm đổi hết hàng, khách hàng có thể đổi sang sản phẩm khác cùng nhóm hàng có giá trị lớn hơn 50% giá trị sản phẩm lỗi hoặc hoàn lại tiền máy với mức giá bằng 80% giá trên hoá đơn hoặc theo giá bán hiện tại của sản phẩm đổi trả (đã qua sử dụng) cùng model, cùng tháng bảo hành được niêm yết',24,'mới',5),(2,95,NULL,NULL,'1 đổi 1 (cùng mẫu, cùng màu, cùng dung lượng…). Trường hợp sản phẩm đổi hết hàng, khách hàng có thể đổi sang sản phẩm khác cùng nhóm hàng có giá trị lớn hơn 50% giá trị sản phẩm lỗi hoặc hoàn lại tiền máy với mức giá bằng 80% giá trên hoá đơn hoặc theo giá bán hiện tại của sản phẩm đổi trả (đã qua sử dụng) cùng model, cùng tháng bảo hành được niêm yết',24,'mới',5),(2,96,NULL,NULL,'1 đổi 1 (cùng mẫu, cùng màu, cùng dung lượng…). Trường hợp sản phẩm đổi hết hàng, khách hàng có thể đổi sang sản phẩm khác cùng nhóm hàng có giá trị lớn hơn 50% giá trị sản phẩm lỗi hoặc hoàn lại tiền máy với mức giá bằng 80% giá trên hoá đơn hoặc theo giá bán hiện tại của sản phẩm đổi trả (đã qua sử dụng) cùng model, cùng tháng bảo hành được niêm yết',24,'mới',5),(2,97,NULL,NULL,'1 đổi 1 (cùng mẫu, cùng màu, cùng dung lượng…). Trường hợp sản phẩm đổi hết hàng, khách hàng có thể đổi sang sản phẩm khác cùng nhóm hàng có giá trị lớn hơn 50% giá trị sản phẩm lỗi hoặc hoàn lại tiền máy với mức giá bằng 80% giá trên hoá đơn hoặc theo giá bán hiện tại của sản phẩm đổi trả (đã qua sử dụng) cùng model, cùng tháng bảo hành được niêm yết',24,'mới',5),(2,98,NULL,NULL,'1 đổi 1 (cùng mẫu, cùng màu, cùng dung lượng…). Trường hợp sản phẩm đổi hết hàng, khách hàng có thể đổi sang sản phẩm khác cùng nhóm hàng có giá trị lớn hơn 50% giá trị sản phẩm lỗi hoặc hoàn lại tiền máy với mức giá bằng 80% giá trên hoá đơn hoặc theo giá bán hiện tại của sản phẩm đổi trả (đã qua sử dụng) cùng model, cùng tháng bảo hành được niêm yết',24,'mới',5),(2,99,NULL,NULL,'1 đổi 1 (cùng mẫu, cùng màu, cùng dung lượng…). Trường hợp sản phẩm đổi hết hàng, khách hàng có thể đổi sang sản phẩm khác cùng nhóm hàng có giá trị lớn hơn 50% giá trị sản phẩm lỗi hoặc hoàn lại tiền máy với mức giá bằng 80% giá trên hoá đơn hoặc theo giá bán hiện tại của sản phẩm đổi trả (đã qua sử dụng) cùng model, cùng tháng bảo hành được niêm yết',24,'mới',5),(2,100,NULL,NULL,'1 đổi 1 (cùng mẫu, cùng màu, cùng dung lượng…). Trường hợp sản phẩm đổi hết hàng, khách hàng có thể đổi sang sản phẩm khác cùng nhóm hàng có giá trị lớn hơn 50% giá trị sản phẩm lỗi hoặc hoàn lại tiền máy với mức giá bằng 80% giá trên hoá đơn hoặc theo giá bán hiện tại của sản phẩm đổi trả (đã qua sử dụng) cùng model, cùng tháng bảo hành được niêm yết',24,'mới',5),(2,101,NULL,NULL,'1 đổi 1 (cùng mẫu, cùng màu, cùng dung lượng…). Trường hợp sản phẩm đổi hết hàng, khách hàng có thể đổi sang sản phẩm khác cùng nhóm hàng có giá trị lớn hơn 50% giá trị sản phẩm lỗi hoặc hoàn lại tiền máy với mức giá bằng 80% giá trên hoá đơn hoặc theo giá bán hiện tại của sản phẩm đổi trả (đã qua sử dụng) cùng model, cùng tháng bảo hành được niêm yết',24,'mới',5),(2,102,NULL,NULL,'1 đổi 1 (cùng mẫu, cùng màu, cùng dung lượng…). Trường hợp sản phẩm đổi hết hàng, khách hàng có thể đổi sang sản phẩm khác cùng nhóm hàng có giá trị lớn hơn 50% giá trị sản phẩm lỗi hoặc hoàn lại tiền máy với mức giá bằng 80% giá trên hoá đơn hoặc theo giá bán hiện tại của sản phẩm đổi trả (đã qua sử dụng) cùng model, cùng tháng bảo hành được niêm yết',24,'mới',5),(2,103,NULL,NULL,'1 đổi 1 (cùng mẫu, cùng màu, cùng dung lượng…). Trường hợp sản phẩm đổi hết hàng, khách hàng có thể đổi sang sản phẩm khác cùng nhóm hàng có giá trị lớn hơn 50% giá trị sản phẩm lỗi hoặc hoàn lại tiền máy với mức giá bằng 80% giá trên hoá đơn hoặc theo giá bán hiện tại của sản phẩm đổi trả (đã qua sử dụng) cùng model, cùng tháng bảo hành được niêm yết',24,'mới',5),(2,104,NULL,NULL,'1 đổi 1 (cùng mẫu, cùng màu, cùng dung lượng…). Trường hợp sản phẩm đổi hết hàng, khách hàng có thể đổi sang sản phẩm khác cùng nhóm hàng có giá trị lớn hơn 50% giá trị sản phẩm lỗi hoặc hoàn lại tiền máy với mức giá bằng 80% giá trên hoá đơn hoặc theo giá bán hiện tại của sản phẩm đổi trả (đã qua sử dụng) cùng model, cùng tháng bảo hành được niêm yết',24,'mới',5),(2,105,NULL,NULL,'1 đổi 1 (cùng mẫu, cùng màu, cùng dung lượng…). Trường hợp sản phẩm đổi hết hàng, khách hàng có thể đổi sang sản phẩm khác cùng nhóm hàng có giá trị lớn hơn 50% giá trị sản phẩm lỗi hoặc hoàn lại tiền máy với mức giá bằng 80% giá trên hoá đơn hoặc theo giá bán hiện tại của sản phẩm đổi trả (đã qua sử dụng) cùng model, cùng tháng bảo hành được niêm yết',24,'mới',5),(2,106,NULL,NULL,'1 đổi 1 (cùng mẫu, cùng màu, cùng dung lượng…). Trường hợp sản phẩm đổi hết hàng, khách hàng có thể đổi sang sản phẩm khác cùng nhóm hàng có giá trị lớn hơn 50% giá trị sản phẩm lỗi hoặc hoàn lại tiền máy với mức giá bằng 80% giá trên hoá đơn hoặc theo giá bán hiện tại của sản phẩm đổi trả (đã qua sử dụng) cùng model, cùng tháng bảo hành được niêm yết',24,'mới',5),(2,107,NULL,NULL,'1 đổi 1 (cùng mẫu, cùng màu, cùng dung lượng…). Trường hợp sản phẩm đổi hết hàng, khách hàng có thể đổi sang sản phẩm khác cùng nhóm hàng có giá trị lớn hơn 50% giá trị sản phẩm lỗi hoặc hoàn lại tiền máy với mức giá bằng 80% giá trên hoá đơn hoặc theo giá bán hiện tại của sản phẩm đổi trả (đã qua sử dụng) cùng model, cùng tháng bảo hành được niêm yết',24,'mới',5),(2,108,NULL,NULL,'1 đổi 1 (cùng mẫu, cùng màu, cùng dung lượng…). Trường hợp sản phẩm đổi hết hàng, khách hàng có thể đổi sang sản phẩm khác cùng nhóm hàng có giá trị lớn hơn 50% giá trị sản phẩm lỗi hoặc hoàn lại tiền máy với mức giá bằng 80% giá trên hoá đơn hoặc theo giá bán hiện tại của sản phẩm đổi trả (đã qua sử dụng) cùng model, cùng tháng bảo hành được niêm yết',24,'mới',5),(2,110,NULL,NULL,'1 đổi 1 (cùng mẫu, cùng màu, cùng dung lượng…). Trường hợp sản phẩm đổi hết hàng, khách hàng có thể đổi sang sản phẩm khác cùng nhóm hàng có giá trị lớn hơn 50% giá trị sản phẩm lỗi hoặc hoàn lại tiền máy với mức giá bằng 80% giá trên hoá đơn hoặc theo giá bán hiện tại của sản phẩm đổi trả (đã qua sử dụng) cùng model, cùng tháng bảo hành được niêm yết',24,'mới',5);
/*!40000 ALTER TABLE `store_product` ENABLE KEYS */;
UNLOCK TABLES;

--
-- Table structure for table `sub_Category`
--

DROP TABLE IF EXISTS `sub_Category`;
/*!40101 SET @saved_cs_client     = @@character_set_client */;
/*!40101 SET character_set_client = utf8 */;
CREATE TABLE `sub_Category` (
  `idSub_Category` int(11) NOT NULL AUTO_INCREMENT,
  `name` varchar(45) COLLATE utf8_unicode_ci DEFAULT NULL,
  `category_idCategory` int(11) NOT NULL,
  PRIMARY KEY (`idSub_Category`),
  KEY `fk_sub_Category_category1_idx` (`category_idCategory`),
  CONSTRAINT `fk_sub_Category_category1` FOREIGN KEY (`category_idCategory`) REFERENCES `category` (`idCategory`) ON DELETE NO ACTION ON UPDATE NO ACTION
) ENGINE=InnoDB AUTO_INCREMENT=5 DEFAULT CHARSET=utf8 COLLATE=utf8_unicode_ci;
/*!40101 SET character_set_client = @saved_cs_client */;

--
-- Dumping data for table `sub_Category`
--

LOCK TABLES `sub_Category` WRITE;
/*!40000 ALTER TABLE `sub_Category` DISABLE KEYS */;
INSERT INTO `sub_Category` VALUES (1,'Smartphone',1),(2,'Tablet',1),(3,'Laptop',2),(4,'Tivi',5);
/*!40000 ALTER TABLE `sub_Category` ENABLE KEYS */;
UNLOCK TABLES;

--
-- Table structure for table `user`
--

DROP TABLE IF EXISTS `user`;
/*!40101 SET @saved_cs_client     = @@character_set_client */;
/*!40101 SET character_set_client = utf8 */;
CREATE TABLE `user` (
  `idUser` int(11) NOT NULL AUTO_INCREMENT,
  `username` varchar(45) COLLATE utf8_unicode_ci DEFAULT NULL,
  `password` varchar(255) COLLATE utf8_unicode_ci DEFAULT NULL,
  `email` varchar(45) COLLATE utf8_unicode_ci DEFAULT NULL,
  `phone` varchar(45) COLLATE utf8_unicode_ci DEFAULT NULL,
  `image` varchar(255) COLLATE utf8_unicode_ci DEFAULT NULL,
  `address` varchar(45) COLLATE utf8_unicode_ci DEFAULT NULL,
  `historyBuy_idhistoryBuy` int(11) DEFAULT NULL,
  `historySearch_idhistorySearch` int(11) DEFAULT NULL,
  PRIMARY KEY (`idUser`)
) ENGINE=InnoDB DEFAULT CHARSET=utf8 COLLATE=utf8_unicode_ci;
/*!40101 SET character_set_client = @saved_cs_client */;

--
-- Dumping data for table `user`
--

LOCK TABLES `user` WRITE;
/*!40000 ALTER TABLE `user` DISABLE KEYS */;
/*!40000 ALTER TABLE `user` ENABLE KEYS */;
UNLOCK TABLES;
/*!40103 SET TIME_ZONE=@OLD_TIME_ZONE */;

/*!40101 SET SQL_MODE=@OLD_SQL_MODE */;
/*!40014 SET FOREIGN_KEY_CHECKS=@OLD_FOREIGN_KEY_CHECKS */;
/*!40014 SET UNIQUE_CHECKS=@OLD_UNIQUE_CHECKS */;
/*!40101 SET CHARACTER_SET_CLIENT=@OLD_CHARACTER_SET_CLIENT */;
/*!40101 SET CHARACTER_SET_RESULTS=@OLD_CHARACTER_SET_RESULTS */;
/*!40101 SET COLLATION_CONNECTION=@OLD_COLLATION_CONNECTION */;
/*!40111 SET SQL_NOTES=@OLD_SQL_NOTES */;

-- Dump completed on 2017-11-20 22:21:37
